2026-09-16 14:32:11 best_score=0.685 threshold=0.45 candidate=G1 matched=True
2026-09-16 14:32:35 best_score=0.542 threshold=0.45 candidate=G1 matched=True
2026-09-16 14:32:36 best_score=0.633 threshold=0.45 candidate=G1 matched=True
2026-09-16 14:34:21 best_score=0.618 threshold=0.45 candidate=G1 matched=True
2026-09-16 14:36:56 best_score=0.579 threshold=0.45 candidate=G1 matched=True
2026-09-16 14:55:56 best_score=0.606 threshold=0.45 candidate=G1 matched=True
2026-09-16 14:56:12 best_score=0.321 threshold=0.45 candidate=G1 matched=False
2026-09-16 14:58:44 best_score=0.674 threshold=0.45 candidate=G1 matched=True
2026-09-16 14:58:56 best_score=0.661 threshold=0.45 candidate=G1 matched=True
2026-09-16 14:58:57 best_score=0.693 threshold=0.45 candidate=G1 matched=True
2026-09-16 14:58:59 best_score=0.662 threshold=0.45 candidate=G1 matched=True
2026-09-16 15:00:31 best_score=0.391 threshold=0.45 candidate=G1 matched=False
2026-09-16 15:02:21 best_score=0.694 threshold=0.45 candidate=G1 matched=True
2026-09-16 15:11:48 best_score=0.605 threshold=0.45 candidate=G1 matched=True
2026-09-16 15:12:13 best_score=0.615 threshold=0.45 candidate=G1 matched=True
2026-09-16 15:14:08 best_score=0.491 threshold=0.45 candidate=G1 matched=True
2026-09-16 15:19:58 best_score=0.252 threshold=0.45 candidate=G1 matched=False
2026-09-16 15:20:02 best_score=0.776 threshold=0.45 candidate=G1 matched=True
2026-09-16 15:20:28 best_score=0.711 threshold=0.45 candidate=G2 matched=True
2026-09-16 15:20:31 best_score=0.688 threshold=0.45 candidate=G1 matched=True
2026-09-16 15:23:01 best_score=0.606 threshold=0.45 candidate=G1 matched=True
2026-09-16 15:23:26 best_score=0.647 threshold=0.45 candidate=G2 matched=True
2026-09-16 15:23:34 best_score=0.641 threshold=0.45 candidate=G1 matched=True
2026-09-16 15:23:34 best_score=0.710 threshold=0.45 candidate=G1 matched=True
2026-09-16 15:23:45 best_score=0.790 threshold=0.45 candidate=G1 matched=True
2026-09-16 15:23:47 best_score=0.897 threshold=0.45 candidate=G1 matched=True
2026-09-16 15:23:48 best_score=0.773 threshold=0.45 candidate=G1 matched=True
2026-09-16 15:23:55 best_score=0.972 threshold=0.45 candidate=G1 matched=True
2026-09-16 15:23:58 best_score=0.935 threshold=0.45 candidate=G1 matched=True
2026-09-16 15:23:59 best_score=0.784 threshold=0.45 candidate=G1 matched=True
2026-09-16 15:24:04 best_score=0.936 threshold=0.45 candidate=G1 matched=True
2026-09-16 15:24:26 best_score=0.822 threshold=0.45 candidate=G2 matched=True
2026-09-16 15:24:30 best_score=0.698 threshold=0.45 candidate=G1 matched=True
2026-09-16 15:27:24 best_score=0.765 threshold=0.45 candidate=G1 matched=True
2026-09-16 15:28:15 best_score=0.844 threshold=0.45 candidate=G1 matched=True
2026-09-16 15:28:16 best_score=0.678 threshold=0.45 candidate=G1 matched=True
2026-09-16 15:28:19 best_score=0.775 threshold=0.45 candidate=G1 matched=True
2026-09-16 15:28:26 best_score=0.783 threshold=0.45 candidate=G1 matched=True
2026-09-16 15:31:34 best_score=0.630 threshold=0.45 candidate=G1 matched=True
2026-09-16 15:45:07 best_score=0.308 threshold=0.45 candidate=G1 matched=False
2026-09-16 15:45:40 best_score=0.791 threshold=0.45 candidate=G2 matched=True
2026-09-16 15:47:49 best_score=0.728 threshold=0.45 candidate=G1 matched=True
2026-09-16 15:49:49 best_score=0.730 threshold=0.45 candidate=G1 matched=True
2026-09-18 13:47:32 best_score=0.583 threshold=0.45 candidate=G1 matched=True
2026-09-18 13:47:40 best_score=0.635 threshold=0.45 candidate=G1 matched=True
2026-09-18 13:51:28 best_score=0.950 threshold=0.45 candidate=G1 matched=True
2026-09-18 13:51:31 best_score=0.935 threshold=0.45 candidate=G1 matched=True
2026-09-18 13:51:33 best_score=0.941 threshold=0.45 candidate=G1 matched=True
2026-09-18 13:51:43 best_score=0.692 threshold=0.45 candidate=G1 matched=True
2026-09-18 13:51:44 best_score=0.939 threshold=0.45 candidate=G1 matched=True
2026-09-18 13:51:46 best_score=0.968 threshold=0.45 candidate=G1 matched=True
2026-09-18 13:51:48 best_score=0.970 threshold=0.45 candidate=G1 matched=True
2026-09-18 13:51:58 best_score=0.817 threshold=0.45 candidate=G1 matched=True
2026-09-18 13:51:58 best_score=0.942 threshold=0.45 candidate=G1 matched=True
2026-09-18 13:52:00 best_score=0.924 threshold=0.45 candidate=G1 matched=True
2026-09-18 13:52:04 best_score=0.801 threshold=0.45 candidate=G1 matched=True
2026-09-18 13:52:10 best_score=0.944 threshold=0.45 candidate=G1 matched=True
2026-09-18 13:52:11 best_score=0.978 threshold=0.45 candidate=G1 matched=True
2026-09-18 13:52:11 best_score=0.975 threshold=0.45 candidate=G1 matched=True
2026-09-18 13:52:13 best_score=0.747 threshold=0.45 candidate=G1 matched=True
2026-09-18 13:52:16 best_score=0.954 threshold=0.45 candidate=G1 matched=True
2026-09-18 13:52:17 best_score=0.976 threshold=0.45 candidate=G1 matched=True
2026-09-18 13:52:20 best_score=0.978 threshold=0.45 candidate=G1 matched=True
2026-09-18 13:57:35 best_score=0.620 threshold=0.45 candidate=G1 matched=True
2026-09-18 14:04:29 best_score=0.776 threshold=0.45 candidate=G1 matched=True
2026-09-18 14:05:40 best_score=0.681 threshold=0.45 candidate=G1 matched=True
2026-09-18 14:05:41 best_score=0.999 threshold=0.45 candidate=G1 matched=True
2026-09-18 14:05:44 best_score=0.949 threshold=0.45 candidate=G1 matched=True
2026-09-18 14:05:45 best_score=0.716 threshold=0.45 candidate=G1 matched=True
2026-09-18 14:05:50 best_score=0.985 threshold=0.45 candidate=G1 matched=True
2026-09-18 14:07:14 best_score=0.555 threshold=0.45 candidate=G1 matched=True
2026-09-18 14:07:21 best_score=0.745 threshold=0.45 candidate=G1 matched=True
2026-09-18 14:07:22 best_score=0.997 threshold=0.45 candidate=G1 matched=True
2026-09-18 14:07:29 best_score=0.633 threshold=0.45 candidate=G1 matched=True
2026-09-18 14:07:34 best_score=0.733 threshold=0.45 candidate=G1 matched=True
2026-09-18 14:07:41 best_score=0.587 threshold=0.45 candidate=G1 matched=True
2026-09-18 14:08:21 best_score=0.600 threshold=0.45 candidate=G1 matched=True
2026-09-18 14:08:44 best_score=0.892 threshold=0.45 candidate=G1 matched=True
2026-09-18 14:09:06 best_score=0.660 threshold=0.45 candidate=G1 matched=True
2026-09-18 14:16:03 best_score=0.054 threshold=0.45 candidate=G1 matched=False
2026-09-18 14:16:23 best_score=0.554 threshold=0.45 candidate=G2 matched=True
2026-09-18 14:16:44 best_score=0.576 threshold=0.45 candidate=G2 matched=True
2026-09-18 14:16:46 best_score=0.704 threshold=0.45 candidate=G2 matched=True
2026-09-18 14:16:47 best_score=0.644 threshold=0.45 candidate=G2 matched=True
2026-09-18 14:16:48 best_score=0.822 threshold=0.45 candidate=G2 matched=True
2026-09-18 14:17:03 best_score=0.663 threshold=0.45 candidate=G2 matched=True
2026-09-18 14:17:07 best_score=0.660 threshold=0.45 candidate=G2 matched=True
2026-09-18 14:17:08 best_score=0.694 threshold=0.45 candidate=G2 matched=True
2026-09-18 14:17:25 best_score=0.664 threshold=0.45 candidate=G1 matched=True
2026-09-18 14:18:18 best_score=0.461 threshold=0.45 candidate=G2 matched=True
2026-09-18 14:18:37 best_score=0.623 threshold=0.45 candidate=G1 matched=True
2026-09-18 14:18:39 best_score=0.725 threshold=0.45 candidate=G2 matched=True
2026-09-18 14:18:45 best_score=0.647 threshold=0.45 candidate=G1 matched=True
2026-09-18 14:35:32 best_score=0.077 threshold=0.45 candidate=G1 matched=False
2026-09-18 14:35:54 best_score=0.468 threshold=0.45 candidate=G2 matched=True
2026-09-18 14:36:01 best_score=0.260 threshold=0.45 candidate=G1 matched=False
2026-09-18 14:36:02 best_score=0.644 threshold=0.45 candidate=G1 matched=True
2026-09-18 14:36:42 best_score=0.692 threshold=0.45 candidate=G1 matched=True
2026-09-18 14:36:48 best_score=0.694 threshold=0.45 candidate=G2 matched=True
2026-09-18 14:37:10 best_score=0.680 threshold=0.45 candidate=G2 matched=True
2026-09-18 14:37:12 best_score=0.651 threshold=0.45 candidate=G1 matched=True
2026-09-18 14:56:44 clothes_score=0.552(vs G1) face_distance=NA(vs GNone) matched=G1 method=clothes
2026-09-18 14:56:47 clothes_score=0.761(vs G1) face_distance=0.342(vs G1) matched=G1 method=face
2026-09-18 14:56:49 clothes_score=0.793(vs G1) face_distance=NA(vs GNone) matched=G1 method=clothes
2026-09-18 14:57:11 clothes_score=0.722(vs G1) face_distance=0.298(vs G1) matched=G1 method=face
2026-09-18 15:00:09 clothes_score=0.725(vs G1) face_distance=NA(vs GNone) matched=G1 method=clothes
2026-09-18 15:00:27 clothes_score=0.705(vs G1) face_distance=0.258(vs G1) matched=G1 method=face
2026-09-18 15:00:38 clothes_score=0.815(vs G1) face_distance=0.219(vs G1) matched=G1 method=face
2026-09-18 15:00:54 clothes_score=0.657(vs G1) face_distance=NA(vs GNone) matched=G1 method=clothes
2026-09-18 15:02:56 clothes_score=0.630(vs G1) face_distance=NA(vs GNone) matched=G1 method=clothes
2026-09-18 15:03:13 clothes_score=0.663(vs G1) face_distance=NA(vs GNone) matched=G1 method=clothes
2026-09-18 15:03:46 clothes_score=0.713(vs G1) face_distance=NA(vs GNone) matched=G1 method=clothes
2026-09-18 15:03:55 clothes_score=0.680(vs G1) face_distance=NA(vs GNone) matched=G1 method=clothes
2026-09-18 15:04:04 clothes_score=0.880(vs G1) face_distance=NA(vs GNone) matched=G1 method=clothes
2026-09-18 15:04:10 clothes_score=0.838(vs G1) face_distance=NA(vs GNone) matched=G1 method=clothes
2026-09-18 15:04:12 clothes_score=0.574(vs G1) face_distance=NA(vs GNone) matched=G1 method=clothes
2026-09-18 15:04:13 clothes_score=0.835(vs G1) face_distance=NA(vs GNone) matched=G1 method=clothes
2026-09-18 15:04:14 clothes_score=0.919(vs G1) face_distance=NA(vs GNone) matched=G1 method=clothes
2026-09-18 15:04:15 clothes_score=0.638(vs G1) face_distance=NA(vs GNone) matched=G1 method=clothes
2026-09-18 15:11:34 clothes_score=0.468(vs G1) face_distance=NA(vs GNone) matched=G1 method=clothes
2026-09-18 15:11:45 clothes_score=0.195(vs G1) face_distance=NA(vs GNone) matched=G2 method=none
2026-09-18 15:11:48 clothes_score=0.686(vs G2) face_distance=NA(vs GNone) matched=G2 method=clothes
2026-09-18 15:11:53 clothes_score=0.778(vs G2) face_distance=NA(vs GNone) matched=G2 method=clothes
2026-09-18 15:11:54 clothes_score=0.576(vs G2) face_distance=NA(vs GNone) matched=G2 method=clothes
2026-09-18 15:11:56 clothes_score=0.716(vs G2) face_distance=NA(vs GNone) matched=G2 method=clothes
2026-09-18 15:11:56 clothes_score=0.716(vs G2) face_distance=NA(vs GNone) matched=G2 method=clothes
2026-09-18 15:11:58 clothes_score=0.896(vs G2) face_distance=NA(vs GNone) matched=G2 method=clothes
2026-09-18 15:12:00 clothes_score=0.855(vs G2) face_distance=NA(vs GNone) matched=G2 method=clothes
2026-09-18 15:12:01 clothes_score=0.638(vs G1) face_distance=NA(vs GNone) matched=G1 method=clothes
2026-09-18 15:12:04 clothes_score=0.694(vs G2) face_distance=NA(vs GNone) matched=G2 method=clothes
2026-09-18 15:12:07 clothes_score=0.803(vs G1) face_distance=NA(vs GNone) matched=G1 method=clothes
2026-09-18 15:12:12 clothes_score=0.652(vs G1) face_distance=NA(vs GNone) matched=G1 method=clothes
2026-09-18 15:12:45 clothes_score=0.724(vs G1) face_distance=NA(vs GNone) matched=G1 method=clothes
2026-09-18 15:12:46 clothes_score=0.571(vs G2) face_distance=NA(vs GNone) matched=G2 method=clothes
2026-09-18 15:12:47 clothes_score=0.738(vs G2) face_distance=NA(vs GNone) matched=G2 method=clothes
2026-09-18 15:12:48 clothes_score=0.719(vs G1) face_distance=NA(vs GNone) matched=G1 method=clothes
2026-09-18 15:12:49 clothes_score=0.906(vs G2) face_distance=NA(vs GNone) matched=G2 method=clothes
2026-09-18 15:12:52 clothes_score=0.710(vs G2) face_distance=NA(vs GNone) matched=G2 method=clothes
2026-09-18 15:12:55 clothes_score=0.676(vs G2) face_distance=NA(vs GNone) matched=G2 method=clothes
2026-09-18 15:13:00 clothes_score=0.674(vs G2) face_distance=NA(vs GNone) matched=G2 method=clothes
2026-09-18 15:13:01 clothes_score=0.721(vs G2) face_distance=NA(vs GNone) matched=G2 method=clothes
2026-09-18 15:13:07 clothes_score=0.699(vs G2) face_distance=0.315(vs G1) matched=G1 method=face
2026-09-18 15:17:35 clothes_score=0.577(vs G1) face_distance=NA(vs GNone) matched=G2 method=none
2026-09-18 15:17:37 clothes_score=0.818(vs G1) face_distance=NA(vs GNone) matched=G1 method=clothes
2026-09-18 15:17:39 clothes_score=0.715(vs G1) face_distance=NA(vs GNone) matched=G3 method=none
2026-09-18 15:17:40 clothes_score=0.786(vs G1) face_distance=NA(vs GNone) matched=G4 method=none
2026-09-18 15:17:47 clothes_score=0.801(vs G4) face_distance=NA(vs GNone) matched=G4 method=clothes
2026-09-18 15:17:50 clothes_score=0.741(vs G1) face_distance=NA(vs GNone) matched=G5 method=none
2026-09-18 15:17:52 clothes_score=0.522(vs G5) face_distance=NA(vs GNone) matched=G6 method=none
2026-09-18 15:19:35 clothes_score=0.597(vs G1) face_distance=0.331(vs G1) matched=G1 method=face
2026-09-18 15:19:45 clothes_score=0.797(vs G1) face_distance=NA(vs GNone) matched=G1 method=clothes
2026-09-18 15:20:03 clothes_score=0.606(vs G1) face_distance=0.341(vs G1) matched=G1 method=face
2026-09-18 15:20:29 clothes_score=0.298(vs G1) face_distance=NA(vs GNone) matched=G2 method=none
2026-09-18 15:20:33 clothes_score=0.729(vs G1) face_distance=NA(vs GNone) matched=G1 method=clothes
2026-09-18 15:20:35 clothes_score=0.857(vs G2) face_distance=NA(vs GNone) matched=G2 method=clothes
2026-09-18 15:20:37 clothes_score=0.971(vs G2) face_distance=NA(vs GNone) matched=G2 method=clothes
2026-09-18 15:20:40 clothes_score=0.720(vs G1) face_distance=NA(vs GNone) matched=G1 method=clothes
2026-09-18 15:20:42 clothes_score=0.874(vs G1) face_distance=NA(vs GNone) matched=G1 method=clothes
2026-09-18 15:20:46 clothes_score=0.781(vs G1) face_distance=NA(vs GNone) matched=G1 method=clothes
2026-09-18 15:20:52 clothes_score=0.785(vs G1) face_distance=NA(vs GNone) matched=G1 method=clothes
2026-09-18 15:20:57 clothes_score=0.407(vs G2) face_distance=NA(vs GNone) matched=G3 method=none
2026-09-18 15:21:35 clothes_score=0.804(vs G1) face_distance=NA(vs GNone) matched=G1 method=clothes
2026-09-18 15:47:50 clothes_score=0.709(vs G1) face_distance=NA(vs GNone) matched=G1 method=clothes
2026-09-18 15:59:07 clothes_score=0.854(vs G1) face_distance=0.321(vs G1) matched=G1 method=face
2026-09-18 16:03:38 clothes_score=0.681(vs G1) face_distance=NA(vs GNone) matched=G1 method=clothes
2026-09-18 16:03:41 clothes_score=0.784(vs G1) face_distance=NA(vs GNone) matched=G1 method=clothes
2026-09-18 16:05:50 clothes_score=0.845(vs G1) face_distance=NA(vs GNone) matched=G1 method=clothes
2026-09-18 16:06:27 clothes_score=0.576(vs G1) face_distance=NA(vs GNone) matched=G1 method=clothes
2026-09-18 16:13:06 clothes_score=0.525(vs G1) face_distance=NA(vs GNone) matched=G1 method=clothes
2026-09-18 16:13:09 clothes_score=0.792(vs G1) face_distance=NA(vs GNone) matched=G1 method=clothes
2026-09-18 16:13:12 clothes_score=0.768(vs G1) face_distance=NA(vs GNone) matched=G1 method=clothes
2026-09-18 16:13:22 clothes_score=0.677(vs G1) face_distance=0.482(vs G1) matched=G1 method=face
2026-09-18 16:15:51 clothes_score=0.861(vs G1) face_distance=NA(vs GNone) matched=G1 method=clothes
2026-09-18 16:16:28 clothes_score=0.547(vs G1) face_distance=NA(vs GNone) matched=G1 method=clothes
2026-09-19 18:00:03 clothes_score=0.808(vs G1) face_distance=NA(vs GNone) matched=G1 method=clothes
2026-09-19 18:00:05 clothes_score=0.896(vs G1) face_distance=NA(vs GNone) matched=G1 method=clothes
2026-09-19 18:00:08 clothes_score=0.613(vs G1) face_distance=NA(vs GNone) matched=G1 method=clothes
2026-09-19 18:00:09 clothes_score=0.967(vs G1) face_distance=NA(vs GNone) matched=G1 method=clothes
2026-09-19 18:00:18 clothes_score=0.416(vs G1) face_distance=NA(vs GNone) matched=G1 method=clothes
2026-09-19 18:00:20 clothes_score=0.923(vs G1) face_distance=NA(vs GNone) matched=G1 method=clothes
2026-09-19 18:07:22 clothes_score=0.953(vs G1) face_distance=NA(vs GNone) matched=G1 method=clothes
2026-09-19 18:07:25 clothes_score=0.970(vs G1) face_distance=NA(vs GNone) matched=G1 method=clothes
2026-09-19 18:07:37 clothes_score=0.977(vs G1) face_distance=NA(vs GNone) matched=G1 method=clothes
2026-09-19 18:12:56 clothes_score=0.960(vs G1) face_distance=NA(vs GNone) matched=G1 method=clothes
2026-09-19 18:22:15 clothes_score=0.427(vs G2) face_distance=NA(vs GNone) matched=G2 method=clothes
2026-09-21 12:41:40 clothes_score=0.718(vs G1) face_distance=NA(vs GNone) matched=G1 method=clothes
2026-09-21 12:41:51 clothes_score=0.758(vs G1) face_distance=NA(vs GNone) matched=G1 method=clothes
2026-09-21 12:42:03 clothes_score=0.658(vs G1) face_distance=NA(vs GNone) matched=G1 method=clothes
2026-09-21 12:42:31 clothes_score=0.531(vs G1) face_distance=NA(vs GNone) matched=G1 method=clothes
2026-09-21 12:42:45 clothes_score=0.875(vs G1) face_distance=NA(vs GNone) matched=G1 method=clothes
2026-09-21 12:42:56 clothes_score=0.873(vs G1) face_distance=NA(vs GNone) matched=G1 method=clothes
2026-09-21 12:54:55 clothes_score=0.139(vs G1) face_distance=NA(vs GNone) matched=G2 method=none
2026-09-21 12:54:56 clothes_score=0.601(vs G1) face_distance=NA(vs GNone) matched=G1 method=clothes
2026-09-21 12:54:58 clothes_score=0.782(vs G2) face_distance=NA(vs GNone) matched=G2 method=clothes
2026-09-21 12:54:59 clothes_score=0.888(vs G1) face_distance=NA(vs GNone) matched=G1 method=clothes
2026-09-21 12:55:03 clothes_score=0.836(vs G2) face_distance=NA(vs GNone) matched=G2 method=clothes
2026-09-21 12:55:08 clothes_score=0.822(vs G2) face_distance=NA(vs GNone) matched=G2 method=clothes
2026-09-21 12:55:16 clothes_score=0.695(vs G1) face_distance=NA(vs GNone) matched=G1 method=clothes
2026-09-21 12:55:19 clothes_score=0.797(vs G2) face_distance=NA(vs GNone) matched=G2 method=clothes
2026-09-21 12:55:22 clothes_score=0.863(vs G2) face_distance=NA(vs GNone) matched=G2 method=clothes
2026-09-21 12:55:23 clothes_score=0.929(vs G1) face_distance=NA(vs GNone) matched=G1 method=clothes
2026-09-21 12:55:26 clothes_score=0.878(vs G1) face_distance=NA(vs GNone) matched=G1 method=clothes
2026-09-21 12:55:31 clothes_score=0.727(vs G1) face_distance=NA(vs GNone) matched=G1 method=clothes
2026-09-21 12:55:33 clothes_score=0.946(vs G1) face_distance=NA(vs GNone) matched=G1 method=clothes
2026-09-21 12:55:44 clothes_score=0.850(vs G1) face_distance=NA(vs GNone) matched=G1 method=clothes
2026-09-21 12:55:53 clothes_score=0.825(vs G1) face_distance=NA(vs GNone) matched=G1 method=clothes
2026-09-21 12:55:56 clothes_score=0.706(vs G1) face_distance=NA(vs GNone) matched=G1 method=clothes
2026-09-21 12:56:00 clothes_score=0.692(vs G1) face_distance=NA(vs GNone) matched=G1 method=clothes
2026-09-21 12:56:07 clothes_score=0.749(vs G2) face_distance=NA(vs GNone) matched=G2 method=clothes
2026-09-21 13:02:35 clothes_score=0.694(vs G1) face_distance=NA(vs GNone) matched=G1 method=clothes
2026-09-21 13:02:43 clothes_score=0.951(vs G1) face_distance=NA(vs GNone) matched=G1 method=clothes
2026-09-21 13:03:00 clothes_score=0.773(vs G1) face_distance=NA(vs GNone) matched=G1 method=clothes
2026-09-21 13:03:11 clothes_score=0.905(vs G1) face_distance=NA(vs GNone) matched=G1 method=clothes
2026-09-21 13:03:14 clothes_score=0.976(vs G1) face_distance=NA(vs GNone) matched=G1 method=clothes
2026-09-21 13:03:52 clothes_score=0.137(vs G1) face_distance=NA(vs GNone) matched=G2 method=none
2026-09-21 13:05:00 clothes_score=0.611(vs G2) face_distance=NA(vs GNone) matched=G2 method=clothes
2026-09-21 13:05:01 clothes_score=0.690(vs G2) face_distance=NA(vs GNone) matched=G2 method=clothes
2026-09-21 13:05:08 clothes_score=0.819(vs G2) face_distance=NA(vs GNone) matched=G2 method=clothes
2026-09-21 13:07:21 clothes_score=0.877(vs G2) face_distance=NA(vs GNone) matched=G2 method=clothes
2026-09-21 13:07:37 clothes_score=0.857(vs G1) face_distance=NA(vs GNone) matched=G1 method=clothes
2026-09-21 13:07:38 clothes_score=0.956(vs G1) face_distance=NA(vs GNone) matched=G1 method=clothes
2026-09-21 13:07:44 clothes_score=0.834(vs G2) face_distance=NA(vs GNone) matched=G2 method=clothes
2026-09-21 13:07:46 clothes_score=0.779(vs G2) face_distance=NA(vs GNone) matched=G2 method=clothes
2026-09-21 13:14:13 clothes_score=0.618(vs G1) face_distance=NA(vs GNone) matched=G1 method=clothes
2026-09-21 13:14:20 clothes_score=0.788(vs G1) face_distance=NA(vs GNone) matched=G1 method=clothes
2026-09-21 13:14:58 clothes_score=0.605(vs G1) face_distance=NA(vs GNone) matched=G1 method=clothes
2026-09-21 13:15:01 clothes_score=0.689(vs G1) face_distance=NA(vs GNone) matched=G1 method=clothes
2026-09-21 13:15:09 clothes_score=0.678(vs G1) face_distance=NA(vs GNone) matched=G1 method=clothes
2026-09-21 13:15:29 clothes_score=0.709(vs G1) face_distance=NA(vs GNone) matched=G1 method=clothes
2026-09-21 13:15:31 clothes_score=0.734(vs G1) face_distance=NA(vs GNone) matched=G1 method=clothes
2026-09-21 13:15:42 clothes_score=0.844(vs G1) face_distance=NA(vs GNone) matched=G1 method=clothes
2026-09-21 13:15:44 clothes_score=0.946(vs G1) face_distance=NA(vs GNone) matched=G1 method=clothes
2026-09-21 13:15:46 clothes_score=0.974(vs G1) face_distance=NA(vs GNone) matched=G1 method=clothes
2026-09-21 13:15:56 clothes_score=0.597(vs G1) face_distance=NA(vs GNone) matched=G1 method=clothes
2026-09-21 13:15:59 clothes_score=0.203(vs G1) face_distance=NA(vs GNone) matched=G2 method=none
2026-09-21 13:21:07 clothes_score=0.684(vs G1) face_distance=NA(vs GNone) matched=G1 method=clothes
2026-09-21 13:21:26 clothes_score=0.555(vs G1) face_distance=NA(vs GNone) matched=G1 method=clothes
2026-09-21 13:21:38 clothes_score=0.846(vs G1) face_distance=NA(vs GNone) matched=G1 method=clothes
2026-09-21 13:22:15 clothes_score=0.567(vs G1) face_distance=NA(vs GNone) matched=G1 method=clothes
2026-09-21 13:22:19 clothes_score=0.939(vs G1) face_distance=NA(vs GNone) matched=G1 method=clothes
2026-09-21 13:22:23 clothes_score=0.769(vs G1) face_distance=0.214(vs G1) matched=G1 method=face
2026-09-21 13:22:46 clothes_score=0.889(vs G1) face_distance=NA(vs GNone) matched=G1 method=clothes
2026-09-21 13:23:07 clothes_score=0.592(vs G1) face_distance=NA(vs GNone) matched=G1 method=clothes
2026-09-21 13:23:09 clothes_score=0.644(vs G1) face_distance=NA(vs GNone) matched=G1 method=clothes
2026-09-21 13:23:13 clothes_score=0.329(vs G1) face_distance=NA(vs GNone) matched=G2 method=none
2026-09-21 13:23:18 clothes_score=0.628(vs G1) face_distance=NA(vs GNone) matched=G1 method=clothes
2026-09-21 13:23:21 clothes_score=0.642(vs G1) face_distance=NA(vs GNone) matched=G1 method=clothes
2026-09-21 13:23:22 clothes_score=0.901(vs G1) face_distance=NA(vs GNone) matched=G1 method=clothes
2026-09-21 13:23:30 clothes_score=0.617(vs G1) face_distance=NA(vs GNone) matched=G1 method=clothes
2026-09-21 13:24:08 clothes_score=0.586(vs G1) face_distance=NA(vs GNone) matched=G1 method=clothes
2026-09-21 13:24:17 clothes_score=0.654(vs G1) face_distance=NA(vs GNone) matched=G1 method=clothes
2026-09-21 13:24:21 clothes_score=0.619(vs G1) face_distance=NA(vs GNone) matched=G1 method=clothes
2026-09-21 13:24:28 clothes_score=0.737(vs G2) face_distance=NA(vs GNone) matched=G2 method=clothes
2026-09-21 13:24:31 clothes_score=0.664(vs G2) face_distance=NA(vs GNone) matched=G2 method=clothes
2026-09-21 13:25:30 clothes_score=0.903(vs G1) face_distance=NA(vs GNone) matched=G1 method=clothes
2026-09-21 13:25:40 clothes_score=0.673(vs G2) face_distance=NA(vs GNone) matched=G2 method=clothes
2026-09-21 13:25:42 clothes_score=0.498(vs G1) face_distance=NA(vs GNone) matched=G1 method=clothes
2026-09-21 13:25:45 clothes_score=0.705(vs G1) face_distance=NA(vs GNone) matched=G1 method=clothes
2026-09-21 13:26:29 clothes_score=0.602(vs G1) face_distance=NA(vs GNone) matched=G1 method=clothes
2026-09-21 13:26:43 clothes_score=0.758(vs G1) face_distance=NA(vs GNone) matched=G1 method=clothes
2026-09-21 14:02:58 clothes_score=0.280(vs G1) face_distance=NA(vs GNone) matched=G2 method=none
2026-09-21 14:03:01 clothes_score=0.778(vs G2) face_distance=NA(vs GNone) matched=G2 method=clothes
2026-09-21 14:03:14 clothes_score=0.563(vs G1) face_distance=NA(vs GNone) matched=G1 method=clothes
2026-09-21 14:03:16 clothes_score=0.710(vs G1) face_distance=NA(vs GNone) matched=G1 method=clothes
2026-09-21 14:03:47 clothes_score=0.540(vs G2) face_distance=NA(vs GNone) matched=G2 method=clothes
2026-09-21 14:03:51 clothes_score=0.639(vs G2) face_distance=0.453(vs G1) matched=G1 method=face
2026-09-21 14:03:57 clothes_score=0.846(vs G1) face_distance=0.236(vs G1) matched=G1 method=face
2026-09-21 14:04:34 clothes_score=0.846(vs G2) face_distance=0.300(vs G1) matched=G1 method=face
2026-09-21 14:05:48 clothes_score=0.541(vs G1) face_distance=NA(vs GNone) matched=G1 method=clothes
2026-09-21 14:06:01 clothes_score=0.540(vs G1) face_distance=NA(vs GNone) matched=G1 method=clothes
2026-09-21 14:07:53 clothes_score=0.681(vs G1) face_distance=NA(vs GNone) matched=G1 method=clothes
2026-09-21 14:08:24 clothes_score=0.582(vs G1) face_distance=NA(vs GNone) matched=G1 method=clothes
2026-09-21 14:08:26 clothes_score=0.627(vs G1) face_distance=NA(vs GNone) matched=G1 method=clothes
2026-09-21 14:08:32 clothes_score=0.672(vs G1) face_distance=NA(vs GNone) matched=G1 method=clothes
2026-09-21 14:08:35 clothes_score=0.627(vs G1) face_distance=NA(vs GNone) matched=G1 method=clothes
2026-09-21 14:08:41 clothes_score=0.628(vs G1) face_distance=0.639(vs G1) matched=G1 method=clothes
2026-09-21 15:11:33 clothes_score=0.871(vs G1) face_distance=NA(vs GNone) matched=G1 method=clothes
2026-09-21 15:18:48 clothes_score=0.792(vs G1) face_distance=NA(vs GNone) matched=G1 method=clothes
2026-09-21 15:18:55 clothes_score=0.986(vs G1) face_distance=NA(vs GNone) matched=G1 method=clothes
2026-09-21 15:25:18 clothes_score=0.879(vs G1) face_distance=NA(vs GNone) matched=G1 method=clothes
2026-09-21 15:25:20 clothes_score=0.806(vs G1) face_distance=NA(vs GNone) matched=G1 method=clothes
2026-09-21 15:25:21 clothes_score=0.993(vs G1) face_distance=NA(vs GNone) matched=G1 method=clothes
2026-09-21 15:25:22 clothes_score=0.989(vs G1) face_distance=NA(vs GNone) matched=G1 method=clothes
2026-09-21 15:25:23 clothes_score=0.752(vs G1) face_distance=NA(vs GNone) matched=G1 method=clothes
2026-09-21 15:25:24 clothes_score=0.565(vs G1) face_distance=NA(vs GNone) matched=G1 method=clothes
2026-09-21 15:25:24 clothes_score=0.594(vs G1) face_distance=NA(vs GNone) matched=G1 method=clothes
2026-09-21 15:25:24 clothes_score=0.269(vs G1) face_distance=NA(vs GNone) matched=G2 method=none
2026-09-21 15:25:25 clothes_score=0.630(vs G2) face_distance=NA(vs GNone) matched=G2 method=clothes
2026-09-21 15:25:29 clothes_score=0.639(vs G1) face_distance=NA(vs GNone) matched=G1 method=clothes
2026-09-21 15:25:29 clothes_score=0.969(vs G1) face_distance=NA(vs GNone) matched=G1 method=clothes
2026-09-21 15:25:29 clothes_score=0.743(vs G2) face_distance=NA(vs GNone) matched=G2 method=clothes
2026-09-21 15:25:30 clothes_score=0.954(vs G1) face_distance=NA(vs GNone) matched=G1 method=clothes
2026-09-21 15:25:30 clothes_score=0.835(vs G2) face_distance=NA(vs GNone) matched=G2 method=clothes
2026-09-21 15:25:31 clothes_score=0.757(vs G2) face_distance=NA(vs GNone) matched=G2 method=clothes
2026-09-21 15:25:31 clothes_score=0.572(vs G1) face_distance=NA(vs GNone) matched=G1 method=clothes
2026-09-21 15:25:33 clothes_score=0.763(vs G1) face_distance=NA(vs GNone) matched=G1 method=clothes
2026-09-21 15:25:35 clothes_score=0.438(vs G2) face_distance=NA(vs GNone) matched=G2 method=clothes
2026-09-21 15:25:36 clothes_score=0.678(vs G1) face_distance=NA(vs GNone) matched=G1 method=clothes
2026-09-21 15:25:37 clothes_score=0.956(vs G2) face_distance=NA(vs GNone) matched=G2 method=clothes
2026-09-21 15:25:37 clothes_score=0.821(vs G2) face_distance=NA(vs GNone) matched=G2 method=clothes
2026-09-21 15:26:08 clothes_score=0.629(vs G1) face_distance=NA(vs GNone) matched=G1 method=clothes
2026-09-21 15:26:10 clothes_score=0.861(vs G2) face_distance=NA(vs GNone) matched=G2 method=clothes
2026-09-21 15:26:13 clothes_score=0.824(vs G1) face_distance=NA(vs GNone) matched=G1 method=clothes
2026-09-21 15:26:13 clothes_score=0.924(vs G2) face_distance=NA(vs GNone) matched=G2 method=clothes
2026-09-21 15:26:17 clothes_score=0.808(vs G2) face_distance=0.272(vs G1) matched=G1 method=face
2026-09-21 15:26:17 clothes_score=0.854(vs G1) face_distance=NA(vs GNone) matched=G1 method=clothes
2026-09-21 15:26:19 clothes_score=0.981(vs G1) face_distance=NA(vs GNone) matched=G1 method=clothes
2026-09-21 15:26:20 clothes_score=0.990(vs G1) face_distance=NA(vs GNone) matched=G1 method=clothes
2026-09-21 15:26:29 clothes_score=0.984(vs G1) face_distance=NA(vs GNone) matched=G1 method=clothes
2026-09-21 15:26:32 clothes_score=0.952(vs G1) face_distance=NA(vs GNone) matched=G1 method=clothes
2026-09-21 15:26:33 clothes_score=0.993(vs G1) face_distance=NA(vs GNone) matched=G1 method=clothes
2026-09-21 15:26:34 clothes_score=0.997(vs G1) face_distance=NA(vs GNone) matched=G1 method=clothes
2026-09-21 15:26:37 clothes_score=0.996(vs G1) face_distance=NA(vs GNone) matched=G1 method=clothes
2026-09-21 15:26:38 clothes_score=0.994(vs G1) face_distance=NA(vs GNone) matched=G1 method=clothes
2026-09-21 15:27:04 clothes_score=0.839(vs G2) face_distance=NA(vs GNone) matched=G2 method=clothes
2026-09-21 15:27:11 clothes_score=0.889(vs G1) face_distance=NA(vs GNone) matched=G1 method=clothes
2026-09-21 15:27:13 clothes_score=0.776(vs G1) face_distance=NA(vs GNone) matched=G1 method=clothes
2026-09-21 15:28:24 clothes_score=0.740(vs G2) face_distance=0.366(vs G1) matched=G1 method=face
2026-09-21 15:45:42 clothes_score=0.362(vs G1) face_distance=NA(vs GNone) matched=G2 method=none
2026-09-21 15:45:44 clothes_score=0.983(vs G2) face_distance=NA(vs GNone) matched=G2 method=clothes
2026-09-21 15:46:07 clothes_score=0.552(vs G1) face_distance=NA(vs GNone) matched=G1 method=clothes
2026-09-21 15:46:09 clothes_score=0.812(vs G1) face_distance=NA(vs GNone) matched=G1 method=clothes
2026-09-21 15:46:53 clothes_score=0.916(vs G1) face_distance=NA(vs GNone) matched=G1 method=clothes
2026-09-21 15:46:54 clothes_score=0.746(vs G1) face_distance=NA(vs GNone) matched=G1 method=clothes
2026-09-21 15:46:55 clothes_score=0.861(vs G1) face_distance=NA(vs GNone) matched=G1 method=clothes
2026-09-21 15:46:57 clothes_score=0.790(vs G1) face_distance=NA(vs GNone) matched=G1 method=clothes
2026-09-22 15:53:21 clothes_score=0.671(vs G1) face_distance=NA(vs GNone) matched=G1 method=clothes
2026-09-22 15:53:21 clothes_score=0.618(vs G1) face_distance=NA(vs GNone) matched=G1 method=clothes
2026-09-22 15:53:21 clothes_score=0.721(vs G1) face_distance=NA(vs GNone) matched=G1 method=clothes
2026-09-22 15:53:29 clothes_score=0.712(vs G1) face_distance=NA(vs GNone) matched=G1 method=clothes
2026-09-22 15:53:33 clothes_score=0.886(vs G1) face_distance=NA(vs GNone) matched=G1 method=clothes
2026-09-22 15:53:39 clothes_score=0.648(vs G1) face_distance=NA(vs GNone) matched=G1 method=clothes
2026-09-22 15:53:40 clothes_score=0.792(vs G1) face_distance=NA(vs GNone) matched=G1 method=clothes
2026-09-22 15:53:42 clothes_score=0.953(vs G1) face_distance=NA(vs GNone) matched=G1 method=clothes
2026-09-22 15:53:45 clothes_score=0.984(vs G1) face_distance=NA(vs GNone) matched=G1 method=clothes
2026-09-22 15:53:46 clothes_score=0.983(vs G1) face_distance=NA(vs GNone) matched=G1 method=clothes
2026-09-22 15:53:47 clothes_score=0.983(vs G1) face_distance=NA(vs GNone) matched=G1 method=clothes
2026-09-22 15:53:48 clothes_score=0.983(vs G1) face_distance=NA(vs GNone) matched=G1 method=clothes
2026-09-22 15:53:49 clothes_score=0.947(vs G1) face_distance=NA(vs GNone) matched=G1 method=clothes
2026-09-22 15:53:49 clothes_score=0.951(vs G1) face_distance=NA(vs GNone) matched=G1 method=clothes
2026-09-22 15:53:50 clothes_score=0.967(vs G1) face_distance=NA(vs GNone) matched=G1 method=clothes
2026-09-22 15:53:51 clothes_score=0.969(vs G1) face_distance=NA(vs GNone) matched=G1 method=clothes
2026-09-22 15:53:52 clothes_score=0.776(vs G1) face_distance=NA(vs GNone) matched=G1 method=clothes
2026-09-22 15:55:43 clothes_score=0.743(vs G1) face_distance=NA(vs GNone) matched=G1 method=clothes
2026-09-22 16:05:53 clothes_score=0.597(vs G1) face_distance=NA(vs GNone) matched=G1 method=clothes
2026-09-22 16:06:02 clothes_score=0.822(vs G1) face_distance=0.360(vs G1) matched=G1 method=face
2026-09-22 16:06:36 clothes_score=0.708(vs G1) face_distance=NA(vs GNone) matched=G1 method=clothes
2026-09-22 16:06:55 clothes_score=0.668(vs G1) face_distance=NA(vs GNone) matched=G1 method=clothes
2026-09-22 16:06:55 clothes_score=0.698(vs G1) face_distance=NA(vs GNone) matched=G1 method=clothes
2026-09-22 16:06:57 clothes_score=0.858(vs G1) face_distance=NA(vs GNone) matched=G1 method=clothes
2026-09-22 16:07:04 clothes_score=0.687(vs G1) face_distance=NA(vs GNone) matched=G1 method=clothes
2026-09-22 16:07:18 clothes_score=0.302(vs G1) face_distance=NA(vs GNone) matched=G2 method=none
2026-09-22 16:40:12 clothes_score=0.617(vs G1) face_distance=NA(vs GNone) matched=G1 method=clothes
2026-09-22 16:40:20 clothes_score=0.817(vs G1) face_distance=NA(vs GNone) matched=G1 method=clothes
2026-09-22 16:45:00 clothes_score=0.933(vs G1) face_distance=NA(vs GNone) matched=G1 method=clothes
2026-09-22 16:45:01 clothes_score=0.808(vs G1) face_distance=NA(vs GNone) matched=G1 method=clothes
2026-09-22 16:45:01 clothes_score=0.987(vs G1) face_distance=NA(vs GNone) matched=G1 method=clothes
2026-09-22 16:45:06 clothes_score=0.597(vs G1) face_distance=NA(vs GNone) matched=G1 method=clothes
2026-09-22 16:45:06 clothes_score=0.945(vs G1) face_distance=NA(vs GNone) matched=G1 method=clothes
2026-09-22 16:45:07 clothes_score=0.848(vs G1) face_distance=NA(vs GNone) matched=G1 method=clothes
2026-09-22 16:45:08 clothes_score=0.804(vs G1) face_distance=NA(vs GNone) matched=G1 method=clothes
2026-09-22 16:45:11 clothes_score=0.967(vs G1) face_distance=NA(vs GNone) matched=G1 method=clothes
2026-09-22 16:45:12 clothes_score=0.963(vs G1) face_distance=NA(vs GNone) matched=G1 method=clothes
2026-09-22 16:45:13 clothes_score=0.772(vs G1) face_distance=NA(vs GNone) matched=G1 method=clothes
2026-09-22 16:45:14 clothes_score=0.926(vs G1) face_distance=NA(vs GNone) matched=G1 method=clothes
2026-09-22 16:45:14 clothes_score=0.911(vs G1) face_distance=NA(vs GNone) matched=G1 method=clothes
2026-09-22 16:45:15 clothes_score=0.751(vs G1) face_distance=NA(vs GNone) matched=G1 method=clothes
2026-09-22 16:45:17 clothes_score=0.575(vs G1) face_distance=NA(vs GNone) matched=G1 method=clothes
2026-09-22 16:45:18 clothes_score=0.935(vs G1) face_distance=NA(vs GNone) matched=G1 method=clothes
2026-09-22 16:45:18 clothes_score=0.606(vs G1) face_distance=NA(vs GNone) matched=G1 method=clothes
2026-09-22 16:45:19 clothes_score=0.723(vs G1) face_distance=NA(vs GNone) matched=G1 method=clothes
2026-09-22 16:45:20 clothes_score=0.864(vs G1) face_distance=NA(vs GNone) matched=G1 method=clothes
2026-09-22 16:45:22 clothes_score=0.856(vs G1) face_distance=NA(vs GNone) matched=G1 method=clothes
2026-09-22 16:45:23 clothes_score=0.943(vs G1) face_distance=NA(vs GNone) matched=G1 method=clothes
2026-09-22 16:45:24 clothes_score=0.699(vs G1) face_distance=NA(vs GNone) matched=G1 method=clothes
2026-09-22 16:45:25 clothes_score=0.739(vs G1) face_distance=NA(vs GNone) matched=G1 method=clothes
2026-09-22 16:45:26 clothes_score=0.584(vs G1) face_distance=NA(vs GNone) matched=G1 method=clothes
2026-09-22 16:45:27 clothes_score=0.878(vs G1) face_distance=NA(vs GNone) matched=G1 method=clothes
2026-09-22 16:45:28 clothes_score=0.848(vs G1) face_distance=NA(vs GNone) matched=G1 method=clothes
2026-09-22 16:45:29 clothes_score=0.557(vs G1) face_distance=NA(vs GNone) matched=G1 method=clothes
2026-09-22 16:45:29 clothes_score=0.862(vs G1) face_distance=NA(vs GNone) matched=G1 method=clothes
2026-09-22 16:45:30 clothes_score=0.927(vs G1) face_distance=NA(vs GNone) matched=G1 method=clothes
2026-09-22 16:45:31 clothes_score=0.586(vs G1) face_distance=NA(vs GNone) matched=G1 method=clothes
2026-09-22 16:45:32 clothes_score=0.618(vs G1) face_distance=NA(vs GNone) matched=G1 method=clothes
2026-09-22 16:45:33 clothes_score=0.633(vs G1) face_distance=NA(vs GNone) matched=G1 method=clothes
2026-09-22 16:45:34 clothes_score=0.753(vs G1) face_distance=NA(vs GNone) matched=G1 method=clothes
2026-09-22 16:45:35 clothes_score=0.971(vs G1) face_distance=NA(vs GNone) matched=G1 method=clothes
2026-09-22 16:45:36 clothes_score=0.607(vs G1) face_distance=NA(vs GNone) matched=G1 method=clothes
2026-09-23 13:00:02 clothes_score=0.786(vs G1) face_distance=NA(vs GNone) matched=G1 method=clothes
2026-09-23 14:59:42 clothes_score=0.895(vs G1) face_distance=NA(vs GNone) matched=G1 method=clothes
2026-09-23 14:59:53 clothes_score=0.859(vs G1) face_distance=NA(vs GNone) matched=G1 method=clothes
2026-09-23 14:59:59 clothes_score=0.924(vs G1) face_distance=0.172(vs G1) matched=G1 method=face
2026-09-23 15:00:02 clothes_score=0.855(vs G1) face_distance=0.143(vs G1) matched=G1 method=face
2026-09-23 15:00:12 clothes_score=0.950(vs G1) face_distance=0.173(vs G1) matched=G1 method=face
2026-09-23 15:00:33 clothes_score=0.825(vs G1) face_distance=NA(vs GNone) matched=G1 method=clothes
2026-09-23 15:00:45 clothes_score=0.846(vs G1) face_distance=NA(vs GNone) matched=G1 method=clothes
2026-09-23 15:00:45 clothes_score=0.907(vs G1) face_distance=NA(vs GNone) matched=G1 method=clothes
2026-09-23 16:13:46 clothes_score=0.788(vs G1) face_distance=NA(vs GNone) matched=G1 method=clothes
2026-09-23 16:13:52 clothes_score=0.804(vs G1) face_distance=NA(vs GNone) matched=G1 method=clothes
2026-09-23 16:13:54 clothes_score=0.783(vs G1) face_distance=NA(vs GNone) matched=G1 method=clothes
2026-09-23 16:18:09 clothes_score=0.368(vs G1) face_distance=NA(vs GNone) matched=G2 method=none
2026-09-23 16:18:39 clothes_score=0.620(vs G2) face_distance=NA(vs GNone) matched=G2 method=clothes
2026-09-23 16:20:14 clothes_score=0.733(vs G1) face_distance=NA(vs GNone) matched=G1 method=clothes
2026-09-23 16:21:15 clothes_score=0.512(vs G1) face_distance=0.404(vs G1) matched=G1 method=face
2026-09-23 16:24:06 clothes_score=0.736(vs G1) face_distance=0.317(vs G1) matched=G1 method=face
2026-09-23 16:24:07 clothes_score=0.718(vs G1) face_distance=NA(vs GNone) matched=G1 method=clothes
2026-09-23 16:24:10 clothes_score=0.822(vs G1) face_distance=NA(vs GNone) matched=G1 method=clothes
2026-09-24 15:58:11 clothes_score=0.834(vs G1) face_distance=NA(vs GNone) matched=G1 method=clothes
2026-09-24 15:58:19 clothes_score=0.637(vs G1) face_distance=NA(vs GNone) matched=G1 method=clothes
2026-09-24 15:58:20 clothes_score=0.800(vs G1) face_distance=NA(vs GNone) matched=G1 method=clothes
2026-09-24 15:58:27 clothes_score=0.916(vs G1) face_distance=NA(vs GNone) matched=G1 method=clothes
2026-09-24 15:58:29 clothes_score=0.799(vs G1) face_distance=NA(vs GNone) matched=G1 method=clothes
2026-09-24 15:58:36 clothes_score=0.909(vs G1) face_distance=NA(vs GNone) matched=G1 method=clothes
2026-09-24 15:58:43 clothes_score=0.617(vs G1) face_distance=NA(vs GNone) matched=G1 method=clothes
2026-09-24 17:50:23 clothes_score=0.561(vs G1) face_distance=NA(vs GNone) matched=G1 method=clothes
2026-09-24 17:54:40 clothes_score=0.580(vs G1) face_distance=NA(vs GNone) matched=G1 method=clothes
2026-09-24 17:54:44 clothes_score=0.955(vs G1) face_distance=NA(vs GNone) matched=G1 method=clothes
2026-09-24 17:54:47 clothes_score=0.709(vs G1) face_distance=NA(vs GNone) matched=G1 method=clothes
2026-09-24 17:54:47 clothes_score=0.733(vs G1) face_distance=NA(vs GNone) matched=G1 method=clothes
2026-09-24 17:54:58 clothes_score=0.698(vs G1) face_distance=NA(vs GNone) matched=G1 method=clothes
2026-09-24 17:55:00 clothes_score=0.827(vs G1) face_distance=NA(vs GNone) matched=G1 method=clothes
2026-09-24 17:55:01 clothes_score=0.688(vs G1) face_distance=NA(vs GNone) matched=G1 method=clothes
2026-09-24 17:55:04 clothes_score=0.744(vs G1) face_distance=NA(vs GNone) matched=G1 method=clothes
2026-09-24 17:55:17 clothes_score=0.636(vs G1) face_distance=NA(vs GNone) matched=G1 method=clothes
2026-09-24 17:55:18 clothes_score=0.988(vs G1) face_distance=NA(vs GNone) matched=G1 method=clothes
2026-09-24 17:55:29 clothes_score=0.730(vs G1) face_distance=NA(vs GNone) matched=G1 method=clothes
2026-09-25 12:27:32 clothes_score=0.749(vs G1) face_distance=NA(vs GNone) matched=G1 method=clothes
2026-09-25 12:27:49 clothes_score=0.616(vs G1) face_distance=NA(vs GNone) matched=G1 method=clothes
2026-09-25 12:27:51 clothes_score=0.975(vs G1) face_distance=NA(vs GNone) matched=G1 method=clothes
2026-09-25 12:28:02 clothes_score=0.825(vs G1) face_distance=NA(vs GNone) matched=G1 method=clothes
2026-09-25 12:28:02 clothes_score=0.970(vs G1) face_distance=NA(vs GNone) matched=G1 method=clothes
2026-09-25 12:28:06 clothes_score=0.917(vs G1) face_distance=NA(vs GNone) matched=G1 method=clothes
2026-09-25 12:28:08 clothes_score=0.992(vs G1) face_distance=NA(vs GNone) matched=G1 method=clothes
2026-09-25 12:28:10 clothes_score=0.931(vs G1) face_distance=NA(vs GNone) matched=G1 method=clothes
2026-09-25 12:28:12 clothes_score=0.999(vs G1) face_distance=NA(vs GNone) matched=G1 method=clothes
2026-09-25 12:28:15 clothes_score=0.532(vs G1) face_distance=NA(vs GNone) matched=G1 method=clothes
2026-09-25 12:28:17 clothes_score=0.347(vs G1) face_distance=NA(vs GNone) matched=G2 method=none
2026-09-25 13:46:40 clothes_score=0.715(vs G1) face_distance=NA(vs GNone) matched=G1 method=clothes
2026-09-25 13:46:51 clothes_score=0.908(vs G1) face_distance=NA(vs GNone) matched=G1 method=clothes
2026-09-25 13:46:52 clothes_score=0.625(vs G1) face_distance=NA(vs GNone) matched=G1 method=clothes
2026-09-25 13:46:55 clothes_score=0.682(vs G1) face_distance=NA(vs GNone) matched=G1 method=clothes
2026-09-25 13:47:04 clothes_score=0.729(vs G1) face_distance=0.328(vs G1) matched=G1 method=face
2026-09-25 13:47:07 clothes_score=0.684(vs G1) face_distance=0.566(vs G1) matched=G1 method=face
2026-09-25 13:47:10 clothes_score=0.817(vs G1) face_distance=0.536(vs G1) matched=G1 method=face
2026-09-25 13:47:18 clothes_score=0.812(vs G1) face_distance=NA(vs GNone) matched=G1 method=clothes
2026-09-25 13:47:19 clothes_score=0.896(vs G1) face_distance=NA(vs GNone) matched=G1 method=clothes
2026-09-25 13:47:23 clothes_score=0.872(vs G1) face_distance=0.360(vs G1) matched=G1 method=face
2026-09-25 13:47:32 clothes_score=0.872(vs G1) face_distance=0.202(vs G1) matched=G1 method=face
2026-09-25 13:47:35 clothes_score=0.826(vs G1) face_distance=NA(vs GNone) matched=G1 method=clothes
2026-09-25 13:47:43 clothes_score=0.870(vs G1) face_distance=0.199(vs G1) matched=G1 method=face
2026-09-25 13:52:05 clothes_score=0.571(vs G1) face_distance=NA(vs GNone) matched=G1 method=clothes
2026-09-25 13:52:12 clothes_score=0.729(vs G1) face_distance=NA(vs GNone) matched=G1 method=clothes
2026-09-25 13:52:15 clothes_score=0.723(vs G1) face_distance=NA(vs GNone) matched=G1 method=clothes
2026-09-25 13:52:17 clothes_score=0.721(vs G1) face_distance=NA(vs GNone) matched=G1 method=clothes
2026-09-25 13:52:22 clothes_score=0.785(vs G1) face_distance=NA(vs GNone) matched=G1 method=clothes
2026-09-25 13:52:24 clothes_score=0.770(vs G1) face_distance=NA(vs GNone) matched=G1 method=clothes
2026-09-25 13:52:25 clothes_score=0.786(vs G1) face_distance=NA(vs GNone) matched=G1 method=clothes
2026-09-25 13:52:27 clothes_score=0.653(vs G1) face_distance=NA(vs GNone) matched=G1 method=clothes
2026-09-25 13:52:28 clothes_score=0.737(vs G1) face_distance=NA(vs GNone) matched=G1 method=clothes
2026-09-25 13:52:29 clothes_score=0.883(vs G1) face_distance=NA(vs GNone) matched=G1 method=clothes
2026-09-25 13:52:29 clothes_score=0.835(vs G1) face_distance=NA(vs GNone) matched=G1 method=clothes
2026-09-25 13:52:31 clothes_score=0.842(vs G1) face_distance=NA(vs GNone) matched=G1 method=clothes
2026-09-25 13:52:32 clothes_score=0.709(vs G1) face_distance=NA(vs GNone) matched=G1 method=clothes
2026-09-25 13:52:34 clothes_score=0.927(vs G1) face_distance=NA(vs GNone) matched=G1 method=clothes
2026-09-25 13:52:37 clothes_score=0.815(vs G1) face_distance=0.471(vs G1) matched=G1 method=face
2026-09-25 13:53:28 clothes_score=0.862(vs G1) face_distance=NA(vs GNone) matched=G1 method=clothes
2026-09-25 13:53:29 clothes_score=0.781(vs G1) face_distance=NA(vs GNone) matched=G1 method=clothes
2026-09-25 13:53:30 clothes_score=0.953(vs G1) face_distance=NA(vs GNone) matched=G1 method=clothes
2026-09-25 13:53:32 clothes_score=0.839(vs G1) face_distance=NA(vs GNone) matched=G1 method=clothes
2026-09-25 13:53:35 clothes_score=0.717(vs G1) face_distance=NA(vs GNone) matched=G1 method=clothes
2026-09-25 13:53:36 clothes_score=0.852(vs G1) face_distance=NA(vs GNone) matched=G1 method=clothes
2026-09-25 13:53:49 clothes_score=0.912(vs G1) face_distance=NA(vs GNone) matched=G1 method=clothes
2026-09-25 13:53:51 clothes_score=0.770(vs G1) face_distance=NA(vs GNone) matched=G1 method=clothes
2026-09-25 13:53:52 clothes_score=0.920(vs G1) face_distance=NA(vs GNone) matched=G1 method=clothes
2026-09-25 13:53:55 clothes_score=0.955(vs G1) face_distance=NA(vs GNone) matched=G1 method=clothes
2026-09-25 13:53:58 clothes_score=0.932(vs G1) face_distance=NA(vs GNone) matched=G1 method=clothes
2026-09-25 13:54:03 clothes_score=0.909(vs G1) face_distance=NA(vs GNone) matched=G1 method=clothes
2026-09-25 13:54:11 clothes_score=0.575(vs G1) face_distance=NA(vs GNone) matched=G1 method=clothes
2026-09-25 13:54:14 clothes_score=0.821(vs G1) face_distance=0.269(vs G1) matched=G1 method=face
2026-09-25 13:54:18 clothes_score=0.803(vs G1) face_distance=0.141(vs G1) matched=G1 method=face
2026-09-25 13:54:21 clothes_score=0.976(vs G1) face_distance=0.164(vs G1) matched=G1 method=face
2026-09-25 13:54:21 clothes_score=0.753(vs G1) face_distance=NA(vs GNone) matched=G1 method=clothes
2026-09-25 13:54:26 clothes_score=0.722(vs G1) face_distance=0.214(vs G1) matched=G1 method=face
2026-09-25 13:54:29 clothes_score=0.944(vs G1) face_distance=0.130(vs G1) matched=G1 method=face
2026-09-25 13:54:34 clothes_score=0.915(vs G1) face_distance=0.160(vs G1) matched=G1 method=face
2026-09-25 13:54:37 clothes_score=0.657(vs G1) face_distance=NA(vs GNone) matched=G1 method=clothes
2026-09-25 13:54:38 clothes_score=0.744(vs G1) face_distance=NA(vs GNone) matched=G1 method=clothes
2026-09-25 13:54:42 clothes_score=0.689(vs G1) face_distance=0.159(vs G1) matched=G1 method=face
2026-09-25 13:54:42 clothes_score=0.836(vs G1) face_distance=NA(vs GNone) matched=G1 method=clothes
2026-09-25 13:54:45 clothes_score=0.900(vs G1) face_distance=0.286(vs G1) matched=G1 method=face
2026-09-25 14:00:05 clothes_score=0.815(vs G1) face_distance=NA(vs GNone) matched=G1 method=clothes
2026-09-25 14:00:14 clothes_score=0.585(vs G1) face_distance=NA(vs GNone) matched=G1 method=clothes
2026-09-25 14:00:16 clothes_score=0.976(vs G1) face_distance=NA(vs GNone) matched=G1 method=clothes
2026-09-25 14:00:18 clothes_score=0.981(vs G1) face_distance=NA(vs GNone) matched=G1 method=clothes
2026-09-25 14:00:21 clothes_score=0.589(vs G1) face_distance=NA(vs GNone) matched=G1 method=clothes
2026-09-25 14:00:22 clothes_score=0.971(vs G1) face_distance=NA(vs GNone) matched=G1 method=clothes
2026-09-25 14:00:23 clothes_score=0.978(vs G1) face_distance=NA(vs GNone) matched=G1 method=clothes
2026-09-25 14:00:26 clothes_score=0.960(vs G1) face_distance=NA(vs GNone) matched=G1 method=clothes
2026-09-25 14:00:31 clothes_score=0.976(vs G1) face_distance=NA(vs GNone) matched=G1 method=clothes
2026-09-25 14:00:31 clothes_score=0.993(vs G1) face_distance=NA(vs GNone) matched=G1 method=clothes
2026-09-25 14:02:51 clothes_score=0.672(vs G1) face_distance=NA(vs GNone) matched=G1 method=clothes
2026-09-25 14:03:50 clothes_score=0.558(vs G1) face_distance=NA(vs GNone) matched=G1 method=clothes
2026-09-25 14:03:51 clothes_score=0.984(vs G1) face_distance=NA(vs GNone) matched=G1 method=clothes
2026-09-25 14:03:53 clothes_score=0.906(vs G1) face_distance=NA(vs GNone) matched=G1 method=clothes
2026-09-25 14:03:54 clothes_score=0.982(vs G1) face_distance=NA(vs GNone) matched=G1 method=clothes
2026-09-25 14:03:54 clothes_score=0.976(vs G1) face_distance=NA(vs GNone) matched=G1 method=clothes
2026-09-25 14:03:55 clothes_score=0.994(vs G1) face_distance=NA(vs GNone) matched=G1 method=clothes
2026-09-25 14:03:56 clothes_score=0.990(vs G1) face_distance=NA(vs GNone) matched=G1 method=clothes
2026-09-25 14:04:13 clothes_score=0.724(vs G1) face_distance=NA(vs GNone) matched=G1 method=clothes
2026-09-25 14:04:15 clothes_score=0.659(vs G1) face_distance=NA(vs GNone) matched=G1 method=clothes
2026-09-25 14:04:17 clothes_score=0.950(vs G1) face_distance=NA(vs GNone) matched=G1 method=clothes
2026-09-25 14:04:21 clothes_score=0.812(vs G1) face_distance=NA(vs GNone) matched=G1 method=clothes
2026-09-25 14:04:22 clothes_score=0.827(vs G1) face_distance=NA(vs GNone) matched=G1 method=clothes
2026-09-25 14:04:24 clothes_score=0.936(vs G1) face_distance=NA(vs GNone) matched=G1 method=clothes
2026-09-25 14:04:29 clothes_score=0.981(vs G1) face_distance=NA(vs GNone) matched=G1 method=clothes
2026-09-25 14:04:31 clothes_score=0.991(vs G1) face_distance=NA(vs GNone) matched=G1 method=clothes
2026-09-25 14:04:32 clothes_score=0.987(vs G1) face_distance=NA(vs GNone) matched=G1 method=clothes
2026-09-25 14:04:33 clothes_score=0.988(vs G1) face_distance=NA(vs GNone) matched=G1 method=clothes
2026-09-25 14:04:34 clothes_score=0.742(vs G1) face_distance=NA(vs GNone) matched=G1 method=clothes
2026-09-25 14:04:35 clothes_score=0.869(vs G1) face_distance=NA(vs GNone) matched=G1 method=clothes
2026-09-25 14:04:38 clothes_score=0.906(vs G1) face_distance=NA(vs GNone) matched=G1 method=clothes
2026-09-25 14:04:39 clothes_score=0.989(vs G1) face_distance=NA(vs GNone) matched=G1 method=clothes
2026-09-25 14:04:40 clothes_score=0.982(vs G1) face_distance=NA(vs GNone) matched=G1 method=clothes
2026-09-25 14:04:41 clothes_score=0.985(vs G1) face_distance=NA(vs GNone) matched=G1 method=clothes
2026-09-25 14:04:42 clothes_score=0.961(vs G1) face_distance=NA(vs GNone) matched=G1 method=clothes
2026-09-25 14:04:44 clothes_score=0.956(vs G1) face_distance=NA(vs GNone) matched=G1 method=clothes
2026-09-25 14:04:46 clothes_score=0.995(vs G1) face_distance=NA(vs GNone) matched=G1 method=clothes
2026-09-25 14:04:46 clothes_score=0.995(vs G1) face_distance=NA(vs GNone) matched=G1 method=clothes
2026-09-25 14:04:48 clothes_score=0.989(vs G1) face_distance=NA(vs GNone) matched=G1 method=clothes
2026-09-25 14:04:54 clothes_score=0.706(vs G1) face_distance=0.681(vs G1) matched=G1 method=clothes
2026-09-25 14:04:54 clothes_score=0.853(vs G1) face_distance=NA(vs GNone) matched=G1 method=clothes
2026-09-25 14:04:56 clothes_score=0.989(vs G1) face_distance=NA(vs GNone) matched=G1 method=clothes
2026-09-25 14:04:57 clothes_score=0.938(vs G1) face_distance=NA(vs GNone) matched=G1 method=clothes
2026-09-25 14:04:58 clothes_score=0.997(vs G1) face_distance=NA(vs GNone) matched=G1 method=clothes
2026-09-25 14:04:59 clothes_score=0.989(vs G1) face_distance=NA(vs GNone) matched=G1 method=clothes
2026-09-25 14:05:01 clothes_score=0.761(vs G1) face_distance=NA(vs GNone) matched=G1 method=clothes
2026-09-25 14:05:02 clothes_score=0.917(vs G1) face_distance=NA(vs GNone) matched=G1 method=clothes
2026-09-25 14:05:02 clothes_score=0.841(vs G1) face_distance=NA(vs GNone) matched=G1 method=clothes
2026-09-25 14:05:10 clothes_score=0.872(vs G1) face_distance=NA(vs GNone) matched=G1 method=clothes
2026-09-25 14:05:11 clothes_score=0.737(vs G1) face_distance=NA(vs GNone) matched=G1 method=clothes
2026-09-25 14:05:15 clothes_score=0.965(vs G1) face_distance=NA(vs GNone) matched=G1 method=clothes
2026-09-25 14:05:17 clothes_score=0.933(vs G1) face_distance=NA(vs GNone) matched=G1 method=clothes
2026-09-25 14:05:18 clothes_score=0.994(vs G1) face_distance=NA(vs GNone) matched=G1 method=clothes
2026-09-25 14:05:21 clothes_score=0.972(vs G1) face_distance=NA(vs GNone) matched=G1 method=clothes
2026-09-25 14:05:22 clothes_score=0.991(vs G1) face_distance=NA(vs GNone) matched=G1 method=clothes
2026-09-25 14:05:24 clothes_score=0.989(vs G1) face_distance=NA(vs GNone) matched=G1 method=clothes
2026-09-25 14:05:24 clothes_score=0.984(vs G1) face_distance=NA(vs GNone) matched=G1 method=clothes
2026-09-25 14:05:33 clothes_score=0.672(vs G1) face_distance=0.514(vs G1) matched=G1 method=face
2026-09-25 14:05:41 clothes_score=0.915(vs G1) face_distance=0.149(vs G1) matched=G1 method=face
2026-09-25 14:05:47 clothes_score=0.761(vs G1) face_distance=0.252(vs G1) matched=G1 method=face
2026-09-25 14:05:50 clothes_score=0.814(vs G1) face_distance=0.238(vs G1) matched=G1 method=face
2026-09-25 14:05:53 clothes_score=0.697(vs G1) face_distance=0.130(vs G1) matched=G1 method=face
2026-09-25 14:06:00 clothes_score=0.798(vs G1) face_distance=NA(vs GNone) matched=G1 method=clothes
2026-09-25 14:06:09 clothes_score=0.648(vs G1) face_distance=NA(vs GNone) matched=G1 method=clothes
2026-09-25 14:06:16 clothes_score=0.829(vs G1) face_distance=0.219(vs G1) matched=G1 method=face
2026-09-25 14:06:18 clothes_score=0.989(vs G1) face_distance=NA(vs GNone) matched=G1 method=clothes
2026-09-25 14:06:21 clothes_score=0.905(vs G1) face_distance=NA(vs GNone) matched=G1 method=clothes
2026-09-25 14:06:26 clothes_score=0.979(vs G1) face_distance=0.172(vs G1) matched=G1 method=face
2026-09-25 14:06:27 clothes_score=0.625(vs G1) face_distance=NA(vs GNone) matched=G1 method=clothes
2026-09-25 14:06:29 clothes_score=0.997(vs G1) face_distance=NA(vs GNone) matched=G1 method=clothes
2026-09-25 14:06:33 clothes_score=0.997(vs G1) face_distance=NA(vs GNone) matched=G1 method=clothes
2026-09-25 14:06:40 clothes_score=0.847(vs G1) face_distance=NA(vs GNone) matched=G1 method=clothes
2026-09-25 14:06:46 clothes_score=0.906(vs G1) face_distance=NA(vs GNone) matched=G1 method=clothes
2026-09-25 14:06:49 clothes_score=0.873(vs G1) face_distance=NA(vs GNone) matched=G1 method=clothes
2026-09-25 14:06:58 clothes_score=0.979(vs G1) face_distance=NA(vs GNone) matched=G1 method=clothes
2026-09-25 14:07:09 clothes_score=0.955(vs G1) face_distance=NA(vs GNone) matched=G1 method=clothes
2026-09-25 14:07:12 clothes_score=0.753(vs G1) face_distance=0.164(vs G1) matched=G1 method=face
2026-09-25 14:07:13 clothes_score=0.900(vs G1) face_distance=NA(vs GNone) matched=G1 method=clothes
2026-09-25 14:07:15 clothes_score=0.829(vs G1) face_distance=NA(vs GNone) matched=G1 method=clothes
2026-09-25 14:07:19 clothes_score=0.934(vs G1) face_distance=NA(vs GNone) matched=G1 method=clothes
2026-09-25 14:07:23 clothes_score=0.874(vs G1) face_distance=NA(vs GNone) matched=G1 method=clothes
2026-09-25 14:07:33 clothes_score=0.917(vs G1) face_distance=NA(vs GNone) matched=G1 method=clothes
2026-09-25 14:07:36 clothes_score=0.813(vs G1) face_distance=NA(vs GNone) matched=G1 method=clothes
2026-09-25 14:07:38 clothes_score=0.828(vs G1) face_distance=NA(vs GNone) matched=G1 method=clothes
2026-09-25 14:07:39 clothes_score=0.780(vs G1) face_distance=NA(vs GNone) matched=G1 method=clothes
2026-09-25 14:07:43 clothes_score=0.818(vs G1) face_distance=NA(vs GNone) matched=G1 method=clothes
2026-09-25 14:07:47 clothes_score=0.708(vs G1) face_distance=NA(vs GNone) matched=G1 method=clothes
2026-09-25 14:07:48 clothes_score=0.696(vs G1) face_distance=NA(vs GNone) matched=G1 method=clothes
2026-09-25 14:07:57 clothes_score=0.743(vs G1) face_distance=NA(vs GNone) matched=G1 method=clothes
2026-09-25 14:07:59 clothes_score=0.803(vs G1) face_distance=NA(vs GNone) matched=G1 method=clothes
2026-09-25 14:08:04 clothes_score=0.966(vs G1) face_distance=NA(vs GNone) matched=G1 method=clothes
2026-09-25 14:08:42 clothes_score=0.923(vs G1) face_distance=NA(vs GNone) matched=G1 method=clothes
2026-09-25 14:08:43 clothes_score=0.998(vs G1) face_distance=NA(vs GNone) matched=G1 method=clothes
2026-09-25 14:08:45 clothes_score=0.984(vs G1) face_distance=NA(vs GNone) matched=G1 method=clothes
2026-09-25 14:08:54 clothes_score=0.644(vs G1) face_distance=NA(vs GNone) matched=G1 method=clothes
2026-09-25 14:09:01 clothes_score=0.716(vs G1) face_distance=NA(vs GNone) matched=G1 method=clothes
2026-09-25 14:09:02 clothes_score=0.818(vs G1) face_distance=NA(vs GNone) matched=G1 method=clothes
2026-09-25 14:09:08 clothes_score=0.805(vs G1) face_distance=NA(vs GNone) matched=G1 method=clothes
2026-09-25 14:09:16 clothes_score=0.753(vs G1) face_distance=NA(vs GNone) matched=G1 method=clothes
2026-09-25 14:09:21 clothes_score=0.708(vs G1) face_distance=0.490(vs G1) matched=G1 method=face
2026-09-25 14:16:33 clothes_score=0.749(vs G1) face_distance=NA(vs GNone) matched=G1 method=clothes
2026-09-25 14:16:34 clothes_score=0.932(vs G1) face_distance=NA(vs GNone) matched=G1 method=clothes
2026-09-25 14:16:41 clothes_score=0.821(vs G1) face_distance=NA(vs GNone) matched=G1 method=clothes
2026-09-25 14:16:42 clothes_score=0.750(vs G1) face_distance=NA(vs GNone) matched=G1 method=clothes
2026-09-25 14:16:49 clothes_score=0.806(vs G1) face_distance=NA(vs GNone) matched=G1 method=clothes
2026-09-25 14:19:48 clothes_score=0.445(vs G1) face_distance=NA(vs GNone) matched=G1 method=clothes
2026-09-25 14:39:20 clothes_score=0.663(vs G1) face_distance=NA(vs GNone) matched=G1 method=clothes
2026-09-25 14:39:28 clothes_score=0.636(vs G1) face_distance=NA(vs GNone) matched=G1 method=clothes
2026-09-25 14:39:31 clothes_score=0.672(vs G1) face_distance=NA(vs GNone) matched=G1 method=clothes
2026-09-25 14:39:34 clothes_score=0.678(vs G1) face_distance=NA(vs GNone) matched=G1 method=clothes
2026-09-25 14:39:40 clothes_score=0.787(vs G1) face_distance=NA(vs GNone) matched=G1 method=clothes
2026-09-25 14:39:48 clothes_score=0.646(vs G1) face_distance=0.315(vs G1) matched=G1 method=face
2026-09-25 14:40:01 clothes_score=0.482(vs G1) face_distance=0.220(vs G1) matched=G1 method=face
2026-09-25 15:04:45 clothes_score=0.607(vs G1) face_distance=NA(vs GNone) matched=G1 method=clothes
2026-09-25 15:04:54 clothes_score=0.924(vs G1) face_distance=NA(vs GNone) matched=G1 method=clothes
2026-09-25 15:04:55 clothes_score=0.971(vs G1) face_distance=NA(vs GNone) matched=G1 method=clothes
2026-09-25 15:22:16 clothes_score=0.583(vs G1) face_distance=NA(vs GNone) matched=G1 method=clothes
2026-09-25 15:22:18 clothes_score=0.936(vs G1) face_distance=NA(vs GNone) matched=G1 method=clothes
2026-09-25 15:59:34 cam=None face=NA(vs GNone) deep=0.000(vs GNone) clothes=0.000(vs GNone) matched=G1 method=none
2026-09-25 16:00:25 cam=None face=0.334(vs G1) deep=0.000(vs GNone) clothes=0.479(vs G1) matched=G1 method=face
2026-09-25 16:00:39 cam=None face=NA(vs GNone) deep=0.000(vs GNone) clothes=0.553(vs G1) matched=G2 method=none
2026-09-25 16:00:43 cam=None face=0.602(vs G1) deep=0.000(vs GNone) clothes=0.499(vs G1) matched=G3 method=none
2026-09-25 16:00:50 cam=None face=0.319(vs G3) deep=0.000(vs GNone) clothes=0.631(vs G3) matched=G3 method=face
2026-09-25 16:00:55 cam=None face=NA(vs GNone) deep=0.000(vs GNone) clothes=0.471(vs G1) matched=G4 method=none
2026-09-25 16:01:10 cam=None face=NA(vs GNone) deep=0.000(vs GNone) clothes=0.571(vs G4) matched=G5 method=none
2026-09-25 16:01:16 cam=None face=0.197(vs G1) deep=0.000(vs GNone) clothes=0.519(vs G1) matched=G1 method=face
2026-09-25 16:08:47 cam=None face=NA(vs GNone) deep=0.000(vs GNone) clothes=0.000(vs GNone) matched=G1 method=none
2026-09-25 16:09:05 cam=None face=NA(vs GNone) deep=0.000(vs GNone) clothes=0.457(vs G1) matched=G2 method=none
2026-09-25 16:09:10 cam=None face=NA(vs GNone) deep=0.000(vs GNone) clothes=0.641(vs G2) matched=G3 method=none
2026-09-25 16:09:12 cam=None face=NA(vs GNone) deep=0.000(vs GNone) clothes=0.638(vs G3) matched=G4 method=none
2026-09-25 16:09:41 cam=None face=NA(vs GNone) deep=0.000(vs GNone) clothes=0.347(vs G1) matched=G5 method=none
2026-09-25 16:09:54 cam=None face=0.279(vs G5) deep=0.000(vs GNone) clothes=0.605(vs G4) matched=G5 method=face
2026-09-25 16:10:06 cam=None face=0.331(vs G5) deep=0.000(vs GNone) clothes=0.525(vs G5) matched=G5 method=face
2026-09-25 16:24:59 cam=None face=NA(vs GNone) deep=0.000(vs GNone) clothes=0.000(vs GNone) matched=G1 method=none
2026-09-25 16:25:44 cam=None face=NA(vs GNone) deep=0.000(vs GNone) clothes=0.464(vs G1) matched=G2 method=none
2026-09-25 16:28:23 clothes_score=0.994(vs G1) face_distance=0.177(vs G1) matched=G1 method=face
2026-09-25 16:28:56 clothes_score=0.685(vs G1) face_distance=NA(vs GNone) matched=G1 method=clothes
2026-09-25 16:33:05 clothes_score=0.777(vs G1) face_distance=0.396(vs G1) matched=G1 method=face
2026-09-25 16:35:12 clothes_score=0.670(vs G1) face_distance=NA(vs GNone) matched=G1 method=clothes
2026-09-25 16:35:18 clothes_score=0.751(vs G1) face_distance=0.182(vs G1) matched=G1 method=face
2026-09-25 16:35:22 clothes_score=0.919(vs G1) face_distance=0.259(vs G1) matched=G1 method=face
2026-09-25 16:35:26 clothes_score=0.999(vs G1) face_distance=0.107(vs G1) matched=G1 method=face
2026-09-25 16:35:49 clothes_score=0.748(vs G1) face_distance=0.221(vs G1) matched=G1 method=face
2026-09-25 16:41:57 clothes_score=0.718(vs G1) face_distance=NA(vs GNone) matched=G1 method=clothes
2026-09-28 13:54:02 clothes_score=0.761(vs G1) face_distance=0.446(vs G1) matched=G1 method=face
2026-09-28 13:54:16 clothes_score=0.728(vs G1) face_distance=0.368(vs G1) matched=G1 method=face
2026-09-28 13:54:21 clothes_score=0.762(vs G1) face_distance=0.269(vs G1) matched=G1 method=face
2026-09-28 13:54:33 clothes_score=0.745(vs G1) face_distance=0.203(vs G1) matched=G1 method=face
2026-09-28 14:02:11 clothes_score=0.486(vs G1) face_distance=0.451(vs G1) matched=G1 method=face
2026-09-28 14:02:34 clothes_score=0.574(vs G1) face_distance=NA(vs GNone) matched=G1 method=clothes
2026-09-28 14:02:36 clothes_score=0.537(vs G1) face_distance=NA(vs GNone) matched=G1 method=clothes
2026-09-28 14:02:42 clothes_score=0.453(vs G1) face_distance=0.353(vs G1) matched=G1 method=face
2026-09-28 14:06:42 clothes_score=0.724(vs G1) face_distance=NA(vs GNone) matched=G1 method=clothes
2026-09-28 14:06:44 clothes_score=0.709(vs G1) face_distance=NA(vs GNone) matched=G1 method=clothes
2026-09-28 14:06:45 clothes_score=0.796(vs G1) face_distance=NA(vs GNone) matched=G1 method=clothes
2026-09-28 14:06:47 clothes_score=0.567(vs G1) face_distance=NA(vs GNone) matched=G1 method=clothes
2026-09-28 14:06:55 clothes_score=0.858(vs G1) face_distance=NA(vs GNone) matched=G1 method=clothes
2026-09-28 14:06:55 clothes_score=0.957(vs G1) face_distance=NA(vs GNone) matched=G1 method=clothes
2026-09-28 14:06:57 clothes_score=0.775(vs G1) face_distance=NA(vs GNone) matched=G1 method=clothes
2026-09-28 14:06:59 clothes_score=0.916(vs G1) face_distance=NA(vs GNone) matched=G1 method=clothes
2026-09-28 14:09:32 clothes_score=0.972(vs G1) face_distance=NA(vs GNone) matched=G1 method=clothes
2026-09-28 14:09:35 clothes_score=0.955(vs G1) face_distance=NA(vs GNone) matched=G1 method=clothes
2026-09-28 14:09:40 clothes_score=0.672(vs G1) face_distance=NA(vs GNone) matched=G1 method=clothes
2026-09-28 14:09:42 clothes_score=0.584(vs G1) face_distance=NA(vs GNone) matched=G1 method=clothes
2026-09-28 14:09:42 clothes_score=0.670(vs G1) face_distance=NA(vs GNone) matched=G1 method=clothes
2026-09-28 14:09:43 clothes_score=0.794(vs G1) face_distance=NA(vs GNone) matched=G1 method=clothes
2026-09-28 14:09:45 clothes_score=0.832(vs G1) face_distance=NA(vs GNone) matched=G1 method=clothes
2026-09-28 14:09:45 clothes_score=0.612(vs G1) face_distance=NA(vs GNone) matched=G1 method=clothes
2026-09-28 14:09:46 clothes_score=0.578(vs G1) face_distance=NA(vs GNone) matched=G1 method=clothes
2026-09-28 14:09:47 clothes_score=0.786(vs G1) face_distance=NA(vs GNone) matched=G1 method=clothes
2026-09-28 14:09:48 clothes_score=0.496(vs G1) face_distance=NA(vs GNone) matched=G1 method=clothes
2026-09-28 14:09:50 clothes_score=0.931(vs G1) face_distance=NA(vs GNone) matched=G1 method=clothes
2026-09-28 14:09:50 clothes_score=0.357(vs G1) face_distance=NA(vs GNone) matched=G2 method=none
2026-09-28 14:09:51 clothes_score=0.765(vs G1) face_distance=NA(vs GNone) matched=G1 method=clothes
2026-09-28 14:23:14 clothes_score=0.737(vs G1) face_distance=NA(vs GNone) matched=G1 method=clothes
2026-09-28 14:23:17 clothes_score=0.689(vs G1) face_distance=NA(vs GNone) matched=G1 method=clothes
2026-09-28 14:23:18 clothes_score=0.653(vs G1) face_distance=NA(vs GNone) matched=G1 method=clothes
2026-09-28 14:23:19 clothes_score=0.820(vs G1) face_distance=NA(vs GNone) matched=G1 method=clothes
2026-09-28 14:23:21 clothes_score=0.952(vs G1) face_distance=NA(vs GNone) matched=G1 method=clothes
2026-09-28 14:23:22 clothes_score=0.556(vs G1) face_distance=NA(vs GNone) matched=G1 method=clothes
2026-09-28 14:23:23 clothes_score=0.621(vs G1) face_distance=NA(vs GNone) matched=G1 method=clothes
2026-09-28 14:23:24 clothes_score=0.740(vs G1) face_distance=NA(vs GNone) matched=G1 method=clothes
2026-09-28 14:23:25 clothes_score=0.837(vs G1) face_distance=NA(vs GNone) matched=G1 method=clothes
2026-09-28 14:23:26 clothes_score=0.712(vs G1) face_distance=NA(vs GNone) matched=G1 method=clothes
2026-09-28 14:23:27 clothes_score=0.679(vs G1) face_distance=NA(vs GNone) matched=G1 method=clothes
2026-09-28 14:23:28 clothes_score=0.612(vs G1) face_distance=NA(vs GNone) matched=G1 method=clothes
2026-09-28 14:23:29 clothes_score=0.795(vs G1) face_distance=NA(vs GNone) matched=G1 method=clothes
2026-09-28 14:23:30 clothes_score=0.587(vs G1) face_distance=NA(vs GNone) matched=G1 method=clothes
2026-09-28 14:23:30 clothes_score=0.603(vs G1) face_distance=NA(vs GNone) matched=G1 method=clothes
2026-09-28 14:23:32 clothes_score=0.885(vs G1) face_distance=NA(vs GNone) matched=G1 method=clothes
2026-09-28 14:23:32 clothes_score=0.429(vs G1) face_distance=NA(vs GNone) matched=G1 method=clothes
2026-09-28 14:23:34 clothes_score=0.774(vs G1) face_distance=NA(vs GNone) matched=G1 method=clothes
2026-09-28 14:23:35 clothes_score=0.595(vs G1) face_distance=NA(vs GNone) matched=G1 method=clothes
2026-09-28 14:23:36 clothes_score=0.586(vs G1) face_distance=NA(vs GNone) matched=G1 method=clothes
2026-09-28 14:23:37 clothes_score=0.985(vs G1) face_distance=NA(vs GNone) matched=G1 method=clothes
2026-09-28 14:23:38 clothes_score=0.570(vs G1) face_distance=NA(vs GNone) matched=G1 method=clothes
2026-09-28 14:23:38 clothes_score=0.764(vs G1) face_distance=NA(vs GNone) matched=G1 method=clothes
2026-09-28 14:23:38 clothes_score=0.791(vs G1) face_distance=NA(vs GNone) matched=G1 method=clothes
2026-09-28 14:23:39 clothes_score=0.958(vs G1) face_distance=NA(vs GNone) matched=G1 method=clothes
2026-09-28 14:23:44 clothes_score=0.779(vs G1) face_distance=NA(vs GNone) matched=G1 method=clothes
2026-09-28 14:23:45 clothes_score=0.574(vs G1) face_distance=NA(vs GNone) matched=G1 method=clothes
2026-09-28 14:23:49 clothes_score=0.712(vs G1) face_distance=NA(vs GNone) matched=G1 method=clothes
2026-09-28 14:23:51 clothes_score=0.781(vs G1) face_distance=NA(vs GNone) matched=G1 method=clothes
2026-09-28 14:23:53 clothes_score=0.738(vs G1) face_distance=NA(vs GNone) matched=G1 method=clothes
2026-09-28 14:23:57 clothes_score=0.988(vs G1) face_distance=NA(vs GNone) matched=G1 method=clothes
2026-09-28 14:25:16 clothes_score=0.696(vs G1) face_distance=NA(vs GNone) matched=G1 method=clothes
2026-09-28 14:25:19 clothes_score=0.707(vs G1) face_distance=NA(vs GNone) matched=G1 method=clothes
2026-09-28 14:25:21 clothes_score=0.767(vs G1) face_distance=NA(vs GNone) matched=G1 method=clothes
2026-09-28 14:25:22 clothes_score=0.967(vs G1) face_distance=NA(vs GNone) matched=G1 method=clothes
2026-09-28 14:25:24 clothes_score=0.931(vs G1) face_distance=NA(vs GNone) matched=G1 method=clothes
2026-09-28 14:25:25 clothes_score=0.708(vs G1) face_distance=NA(vs GNone) matched=G1 method=clothes
2026-09-28 14:25:25 clothes_score=0.916(vs G1) face_distance=NA(vs GNone) matched=G1 method=clothes
2026-09-28 14:25:26 clothes_score=0.559(vs G1) face_distance=NA(vs GNone) matched=G1 method=clothes
2026-09-28 14:25:27 clothes_score=0.678(vs G1) face_distance=NA(vs GNone) matched=G1 method=clothes
2026-09-28 14:25:28 clothes_score=0.742(vs G1) face_distance=NA(vs GNone) matched=G1 method=clothes
2026-09-28 14:25:28 clothes_score=0.613(vs G1) face_distance=NA(vs GNone) matched=G1 method=clothes
2026-09-28 14:25:30 clothes_score=0.557(vs G1) face_distance=NA(vs GNone) matched=G1 method=clothes
2026-09-28 14:25:31 clothes_score=0.525(vs G1) face_distance=NA(vs GNone) matched=G1 method=clothes
2026-09-28 14:25:32 clothes_score=0.701(vs G1) face_distance=NA(vs GNone) matched=G1 method=clothes
2026-09-28 14:25:35 clothes_score=0.850(vs G1) face_distance=NA(vs GNone) matched=G1 method=clothes
2026-09-28 14:25:36 clothes_score=0.576(vs G1) face_distance=NA(vs GNone) matched=G1 method=clothes
2026-09-28 14:25:37 clothes_score=0.610(vs G1) face_distance=NA(vs GNone) matched=G1 method=clothes
2026-09-28 14:25:38 clothes_score=0.633(vs G1) face_distance=NA(vs GNone) matched=G1 method=clothes
2026-09-28 14:25:38 clothes_score=0.807(vs G1) face_distance=NA(vs GNone) matched=G1 method=clothes
2026-09-28 14:25:38 clothes_score=0.657(vs G1) face_distance=NA(vs GNone) matched=G1 method=clothes
2026-09-28 14:25:39 clothes_score=0.705(vs G1) face_distance=NA(vs GNone) matched=G1 method=clothes
2026-09-28 14:25:40 clothes_score=0.703(vs G1) face_distance=NA(vs GNone) matched=G1 method=clothes
2026-09-28 14:25:42 clothes_score=0.854(vs G1) face_distance=NA(vs GNone) matched=G1 method=clothes
2026-09-28 14:25:43 clothes_score=0.962(vs G1) face_distance=NA(vs GNone) matched=G1 method=clothes
2026-09-28 14:25:44 clothes_score=0.731(vs G1) face_distance=NA(vs GNone) matched=G1 method=clothes
2026-09-28 14:25:45 clothes_score=0.563(vs G1) face_distance=NA(vs GNone) matched=G1 method=clothes
2026-09-28 14:25:48 clothes_score=0.719(vs G1) face_distance=NA(vs GNone) matched=G1 method=clothes
2026-09-28 14:25:49 clothes_score=0.824(vs G1) face_distance=NA(vs GNone) matched=G1 method=clothes
2026-09-28 14:25:51 clothes_score=0.730(vs G1) face_distance=NA(vs GNone) matched=G1 method=clothes
2026-09-28 14:25:54 clothes_score=0.794(vs G1) face_distance=NA(vs GNone) matched=G1 method=clothes
2026-09-28 14:25:55 clothes_score=0.996(vs G1) face_distance=NA(vs GNone) matched=G1 method=clothes
2026-09-28 14:27:40 clothes_score=0.501(vs G1) face_distance=NA(vs GNone) matched=G1 method=clothes
2026-09-28 14:27:42 clothes_score=0.766(vs G1) face_distance=NA(vs GNone) matched=G1 method=clothes
2026-09-28 14:27:51 clothes_score=0.761(vs G1) face_distance=NA(vs GNone) matched=G1 method=clothes
2026-09-28 14:27:51 clothes_score=0.797(vs G1) face_distance=NA(vs GNone) matched=G1 method=clothes
2026-09-28 14:27:51 clothes_score=0.786(vs G1) face_distance=NA(vs GNone) matched=G1 method=clothes
2026-09-28 14:27:51 clothes_score=0.725(vs G1) face_distance=NA(vs GNone) matched=G1 method=clothes
2026-09-28 14:27:53 clothes_score=0.630(vs G1) face_distance=NA(vs GNone) matched=G1 method=clothes
2026-09-28 14:27:54 clothes_score=0.732(vs G1) face_distance=NA(vs GNone) matched=G1 method=clothes
2026-09-28 14:27:59 clothes_score=0.769(vs G1) face_distance=NA(vs GNone) matched=G1 method=clothes
2026-09-28 14:28:01 clothes_score=0.847(vs G1) face_distance=NA(vs GNone) matched=G1 method=clothes
2026-09-28 14:35:16 clothes_score=0.501(vs G1) face_distance=NA(vs GNone) matched=G1 method=clothes
2026-09-28 14:35:18 clothes_score=0.657(vs G1) face_distance=NA(vs GNone) matched=G1 method=clothes
2026-09-28 14:35:23 clothes_score=0.807(vs G1) face_distance=NA(vs GNone) matched=G1 method=clothes
2026-09-28 14:35:24 clothes_score=0.634(vs G1) face_distance=NA(vs GNone) matched=G1 method=clothes
2026-09-28 14:35:24 clothes_score=0.790(vs G1) face_distance=NA(vs GNone) matched=G1 method=clothes
2026-09-28 14:35:25 clothes_score=0.713(vs G1) face_distance=NA(vs GNone) matched=G1 method=clothes
2026-09-28 14:35:27 clothes_score=0.707(vs G1) face_distance=NA(vs GNone) matched=G1 method=clothes
2026-09-28 14:35:31 clothes_score=0.720(vs G1) face_distance=NA(vs GNone) matched=G1 method=clothes
2026-09-28 14:35:34 clothes_score=0.850(vs G1) face_distance=NA(vs GNone) matched=G1 method=clothes
2026-09-28 14:35:35 clothes_score=0.811(vs G1) face_distance=NA(vs GNone) matched=G1 method=clothes
2026-09-28 14:35:49 clothes_score=0.504(vs G1) face_distance=NA(vs GNone) matched=G1 method=clothes
2026-09-28 14:35:53 clothes_score=0.629(vs G1) face_distance=NA(vs GNone) matched=G1 method=clothes
2026-09-28 14:35:55 clothes_score=0.577(vs G1) face_distance=NA(vs GNone) matched=G1 method=clothes
2026-09-28 14:35:56 clothes_score=0.945(vs G1) face_distance=NA(vs GNone) matched=G1 method=clothes
2026-09-28 14:35:56 clothes_score=0.873(vs G1) face_distance=NA(vs GNone) matched=G1 method=clothes
2026-09-28 14:35:59 clothes_score=0.645(vs G1) face_distance=NA(vs GNone) matched=G1 method=clothes
2026-09-28 14:50:03 clothes_score=0.202(vs G1) face_distance=NA(vs GNone) matched=G2 method=none
2026-09-28 14:50:03 clothes_score=0.602(vs G2) face_distance=NA(vs GNone) matched=G2 method=clothes
2026-09-28 14:50:03 clothes_score=0.510(vs G2) face_distance=NA(vs GNone) matched=G2 method=clothes
2026-09-28 14:50:03 clothes_score=0.401(vs G2) face_distance=NA(vs GNone) matched=G2 method=clothes
2026-09-28 14:50:03 clothes_score=0.354(vs G2) face_distance=NA(vs GNone) matched=G3 method=none
2026-09-28 14:50:03 clothes_score=0.845(vs G2) face_distance=NA(vs GNone) matched=G2 method=clothes
2026-09-28 14:50:05 clothes_score=0.288(vs G1) face_distance=NA(vs GNone) matched=G4 method=none
2026-09-28 14:50:05 clothes_score=0.683(vs G2) face_distance=NA(vs GNone) matched=G2 method=clothes
2026-09-28 14:50:05 clothes_score=0.655(vs G3) face_distance=NA(vs GNone) matched=G3 method=clothes
2026-09-28 14:50:05 clothes_score=0.870(vs G2) face_distance=NA(vs GNone) matched=G2 method=clothes
2026-09-28 14:50:06 clothes_score=0.827(vs G2) face_distance=NA(vs GNone) matched=G2 method=clothes
2026-09-28 14:50:08 clothes_score=0.657(vs G3) face_distance=NA(vs GNone) matched=G3 method=clothes
2026-09-28 14:50:11 clothes_score=0.954(vs G3) face_distance=NA(vs GNone) matched=G3 method=clothes
2026-09-28 14:50:13 clothes_score=0.910(vs G4) face_distance=NA(vs GNone) matched=G4 method=clothes
2026-09-28 14:50:13 clothes_score=0.603(vs G2) face_distance=NA(vs GNone) matched=G2 method=clothes
2026-09-28 14:50:13 clothes_score=0.729(vs G2) face_distance=NA(vs GNone) matched=G2 method=clothes
2026-09-28 14:50:13 clothes_score=0.720(vs G2) face_distance=NA(vs GNone) matched=G2 method=clothes
2026-09-28 14:50:14 clothes_score=0.614(vs G2) face_distance=NA(vs GNone) matched=G2 method=clothes
2026-09-28 14:50:14 clothes_score=0.989(vs G4) face_distance=NA(vs GNone) matched=G4 method=clothes
2026-09-28 14:50:14 clothes_score=0.977(vs G3) face_distance=NA(vs GNone) matched=G3 method=clothes
2026-09-28 14:50:15 clothes_score=0.855(vs G2) face_distance=NA(vs GNone) matched=G2 method=clothes
2026-09-28 14:50:15 clothes_score=0.591(vs G2) face_distance=NA(vs GNone) matched=G2 method=clothes
2026-09-28 14:50:15 clothes_score=0.843(vs G2) face_distance=NA(vs GNone) matched=G2 method=clothes
2026-09-28 14:50:15 clothes_score=0.633(vs G2) face_distance=NA(vs GNone) matched=G2 method=clothes
2026-09-28 14:50:16 clothes_score=0.958(vs G3) face_distance=NA(vs GNone) matched=G3 method=clothes
2026-09-28 14:50:17 clothes_score=0.832(vs G2) face_distance=NA(vs GNone) matched=G2 method=clothes
2026-09-28 14:50:17 clothes_score=0.958(vs G3) face_distance=NA(vs GNone) matched=G3 method=clothes
2026-09-28 14:50:17 clothes_score=0.963(vs G3) face_distance=NA(vs GNone) matched=G3 method=clothes
2026-09-28 14:50:18 clothes_score=0.983(vs G4) face_distance=NA(vs GNone) matched=G4 method=clothes
2026-09-28 14:50:18 clothes_score=0.806(vs G3) face_distance=NA(vs GNone) matched=G3 method=clothes
2026-09-28 14:50:19 clothes_score=0.719(vs G2) face_distance=NA(vs GNone) matched=G2 method=clothes
2026-09-28 14:50:19 clothes_score=0.653(vs G2) face_distance=NA(vs GNone) matched=G2 method=clothes
2026-09-28 14:50:19 clothes_score=0.987(vs G4) face_distance=NA(vs GNone) matched=G4 method=clothes
2026-09-28 14:50:20 clothes_score=0.689(vs G4) face_distance=NA(vs GNone) matched=G4 method=clothes
2026-09-28 14:50:20 clothes_score=0.984(vs G4) face_distance=NA(vs GNone) matched=G4 method=clothes
2026-09-28 14:50:20 clothes_score=0.949(vs G2) face_distance=NA(vs GNone) matched=G2 method=clothes
2026-09-28 14:50:20 clothes_score=0.880(vs G3) face_distance=NA(vs GNone) matched=G3 method=clothes
2026-09-28 14:50:21 clothes_score=0.822(vs G2) face_distance=NA(vs GNone) matched=G2 method=clothes
2026-09-28 14:50:21 clothes_score=0.753(vs G4) face_distance=NA(vs GNone) matched=G4 method=clothes
2026-09-28 14:50:21 clothes_score=0.769(vs G2) face_distance=NA(vs GNone) matched=G2 method=clothes
2026-09-28 14:50:21 clothes_score=0.696(vs G2) face_distance=NA(vs GNone) matched=G2 method=clothes
2026-09-28 14:50:21 clothes_score=0.995(vs G4) face_distance=NA(vs GNone) matched=G4 method=clothes
2026-09-28 14:50:22 clothes_score=0.778(vs G2) face_distance=NA(vs GNone) matched=G2 method=clothes
2026-09-28 14:50:22 clothes_score=0.860(vs G2) face_distance=NA(vs GNone) matched=G2 method=clothes
2026-09-28 14:50:23 clothes_score=0.994(vs G4) face_distance=NA(vs GNone) matched=G4 method=clothes
2026-09-28 14:50:24 clothes_score=0.836(vs G3) face_distance=NA(vs GNone) matched=G3 method=clothes
2026-09-28 14:50:24 clothes_score=0.641(vs G3) face_distance=NA(vs GNone) matched=G3 method=clothes
2026-09-28 14:50:25 clothes_score=0.687(vs G2) face_distance=NA(vs GNone) matched=G2 method=clothes
2026-09-28 14:50:25 clothes_score=0.848(vs G3) face_distance=NA(vs GNone) matched=G3 method=clothes
2026-09-28 14:50:25 clothes_score=0.957(vs G4) face_distance=NA(vs GNone) matched=G4 method=clothes
2026-09-28 14:50:25 clothes_score=0.893(vs G2) face_distance=NA(vs GNone) matched=G2 method=clothes
2026-09-28 14:50:26 clothes_score=0.637(vs G2) face_distance=NA(vs GNone) matched=G2 method=clothes
2026-09-28 14:50:26 clothes_score=0.948(vs G1) face_distance=NA(vs GNone) matched=G1 method=clothes
2026-09-28 14:50:28 clothes_score=0.685(vs G4) face_distance=0.559(vs G2) matched=G2 method=face
2026-09-28 14:50:29 clothes_score=0.899(vs G2) face_distance=NA(vs GNone) matched=G2 method=clothes
2026-09-28 14:50:29 clothes_score=0.918(vs G3) face_distance=NA(vs GNone) matched=G3 method=clothes
2026-09-28 14:50:29 clothes_score=0.993(vs G4) face_distance=NA(vs GNone) matched=G4 method=clothes
2026-09-28 14:50:29 clothes_score=0.690(vs G2) face_distance=NA(vs GNone) matched=G2 method=clothes
2026-09-28 14:50:29 clothes_score=0.839(vs G2) face_distance=NA(vs GNone) matched=G2 method=clothes
2026-09-28 14:50:30 clothes_score=0.741(vs G2) face_distance=NA(vs GNone) matched=G2 method=clothes
2026-09-28 14:50:30 clothes_score=0.610(vs G2) face_distance=NA(vs GNone) matched=G2 method=clothes
2026-09-28 14:50:30 clothes_score=0.547(vs G2) face_distance=NA(vs GNone) matched=G2 method=clothes
2026-09-28 14:50:31 clothes_score=0.905(vs G3) face_distance=NA(vs GNone) matched=G3 method=clothes
2026-09-28 14:50:32 clothes_score=0.900(vs G3) face_distance=NA(vs GNone) matched=G3 method=clothes
2026-09-28 14:50:33 clothes_score=0.988(vs G4) face_distance=NA(vs GNone) matched=G4 method=clothes
2026-09-28 14:50:33 clothes_score=0.519(vs G3) face_distance=NA(vs GNone) matched=G3 method=clothes
2026-09-28 14:50:33 clothes_score=0.756(vs G2) face_distance=NA(vs GNone) matched=G2 method=clothes
2026-09-28 14:50:34 clothes_score=0.986(vs G1) face_distance=NA(vs GNone) matched=G1 method=clothes
2026-09-28 14:50:34 clothes_score=0.662(vs G2) face_distance=NA(vs GNone) matched=G2 method=clothes
2026-09-28 14:50:34 clothes_score=0.606(vs G2) face_distance=NA(vs GNone) matched=G2 method=clothes
2026-09-28 14:50:34 clothes_score=0.734(vs G4) face_distance=NA(vs GNone) matched=G4 method=clothes
2026-09-28 14:50:35 clothes_score=0.917(vs G2) face_distance=NA(vs GNone) matched=G2 method=clothes
2026-09-28 14:50:35 clothes_score=0.668(vs G2) face_distance=NA(vs GNone) matched=G2 method=clothes
2026-09-28 14:50:35 clothes_score=0.762(vs G4) face_distance=NA(vs GNone) matched=G4 method=clothes
2026-09-28 14:50:35 clothes_score=0.739(vs G2) face_distance=NA(vs GNone) matched=G2 method=clothes
2026-09-28 14:50:35 clothes_score=0.698(vs G3) face_distance=NA(vs GNone) matched=G3 method=clothes
2026-09-28 14:50:35 clothes_score=0.975(vs G4) face_distance=NA(vs GNone) matched=G4 method=clothes
2026-09-28 14:50:37 clothes_score=0.978(vs G3) face_distance=NA(vs GNone) matched=G3 method=clothes
2026-09-28 14:50:38 clothes_score=0.958(vs G3) face_distance=NA(vs GNone) matched=G3 method=clothes
2026-09-28 14:50:39 clothes_score=0.998(vs G1) face_distance=NA(vs GNone) matched=G1 method=clothes
2026-09-28 14:50:39 clothes_score=0.592(vs G4) face_distance=NA(vs GNone) matched=G4 method=clothes
2026-09-28 14:50:40 clothes_score=0.935(vs G4) face_distance=NA(vs GNone) matched=G4 method=clothes
2026-09-28 14:50:40 clothes_score=0.920(vs G2) face_distance=NA(vs GNone) matched=G2 method=clothes
2026-09-28 14:50:41 clothes_score=0.819(vs G2) face_distance=NA(vs GNone) matched=G2 method=clothes
2026-09-28 14:50:41 clothes_score=0.932(vs G2) face_distance=NA(vs GNone) matched=G2 method=clothes
2026-09-28 14:50:41 clothes_score=0.788(vs G2) face_distance=NA(vs GNone) matched=G2 method=clothes
2026-09-28 14:50:41 clothes_score=0.986(vs G4) face_distance=NA(vs GNone) matched=G4 method=clothes
2026-09-28 14:50:41 clothes_score=0.862(vs G2) face_distance=NA(vs GNone) matched=G2 method=clothes
2026-09-28 14:50:41 clothes_score=0.991(vs G4) face_distance=NA(vs GNone) matched=G4 method=clothes
2026-09-28 14:50:42 clothes_score=0.577(vs G2) face_distance=NA(vs GNone) matched=G2 method=clothes
2026-09-28 14:50:42 clothes_score=0.703(vs G2) face_distance=NA(vs GNone) matched=G2 method=clothes
2026-09-28 14:50:42 clothes_score=0.866(vs G3) face_distance=NA(vs GNone) matched=G3 method=clothes
2026-09-28 14:50:43 clothes_score=0.958(vs G3) face_distance=NA(vs GNone) matched=G3 method=clothes
2026-09-28 14:50:43 clothes_score=0.724(vs G2) face_distance=NA(vs GNone) matched=G2 method=clothes
2026-09-28 14:50:44 clothes_score=0.899(vs G3) face_distance=NA(vs GNone) matched=G3 method=clothes
2026-09-28 14:50:44 clothes_score=0.833(vs G2) face_distance=NA(vs GNone) matched=G2 method=clothes
2026-09-28 14:50:45 clothes_score=0.569(vs G3) face_distance=NA(vs GNone) matched=G3 method=clothes
2026-09-28 14:50:46 clothes_score=0.949(vs G2) face_distance=NA(vs GNone) matched=G2 method=clothes
2026-09-28 14:50:46 clothes_score=0.746(vs G3) face_distance=NA(vs GNone) matched=G3 method=clothes
2026-09-28 14:50:46 clothes_score=1.000(vs G4) face_distance=NA(vs GNone) matched=G4 method=clothes
2026-09-28 14:50:46 clothes_score=0.651(vs G2) face_distance=NA(vs GNone) matched=G2 method=clothes
2026-09-28 14:50:47 clothes_score=0.974(vs G3) face_distance=NA(vs GNone) matched=G3 method=clothes
2026-09-28 14:50:47 clothes_score=0.851(vs G2) face_distance=NA(vs GNone) matched=G2 method=clothes
2026-09-28 14:50:47 clothes_score=0.920(vs G3) face_distance=NA(vs GNone) matched=G3 method=clothes
2026-09-28 14:50:47 clothes_score=0.987(vs G4) face_distance=NA(vs GNone) matched=G4 method=clothes
2026-09-28 14:50:48 clothes_score=0.828(vs G2) face_distance=NA(vs GNone) matched=G2 method=clothes
2026-09-28 14:50:48 clothes_score=0.583(vs G2) face_distance=NA(vs GNone) matched=G2 method=clothes
2026-09-28 14:50:48 clothes_score=0.906(vs G2) face_distance=NA(vs GNone) matched=G2 method=clothes
2026-09-28 14:50:48 clothes_score=0.563(vs G2) face_distance=NA(vs GNone) matched=G2 method=clothes
2026-09-28 14:50:48 clothes_score=0.873(vs G2) face_distance=NA(vs GNone) matched=G2 method=clothes
2026-09-28 14:50:49 clothes_score=0.601(vs G2) face_distance=NA(vs GNone) matched=G2 method=clothes
2026-09-28 14:50:49 clothes_score=0.640(vs G3) face_distance=NA(vs GNone) matched=G3 method=clothes
2026-09-28 14:50:50 clothes_score=0.924(vs G3) face_distance=NA(vs GNone) matched=G3 method=clothes
2026-09-28 14:50:50 clothes_score=0.776(vs G2) face_distance=NA(vs GNone) matched=G2 method=clothes
2026-09-28 14:50:51 clothes_score=0.856(vs G3) face_distance=NA(vs GNone) matched=G3 method=clothes
2026-09-28 14:50:52 clothes_score=0.586(vs G2) face_distance=NA(vs GNone) matched=G2 method=clothes
2026-09-28 14:50:52 clothes_score=0.998(vs G1) face_distance=NA(vs GNone) matched=G1 method=clothes
2026-09-28 14:50:52 clothes_score=0.790(vs G2) face_distance=NA(vs GNone) matched=G2 method=clothes
2026-09-28 14:50:53 clothes_score=0.684(vs G4) face_distance=NA(vs GNone) matched=G4 method=clothes
2026-09-28 14:50:53 clothes_score=0.790(vs G2) face_distance=NA(vs GNone) matched=G2 method=clothes
2026-09-28 14:50:54 clothes_score=0.999(vs G4) face_distance=NA(vs GNone) matched=G4 method=clothes
2026-09-28 14:50:54 clothes_score=0.835(vs G2) face_distance=NA(vs GNone) matched=G2 method=clothes
2026-09-28 14:50:54 clothes_score=0.667(vs G2) face_distance=NA(vs GNone) matched=G2 method=clothes
2026-09-28 14:50:54 clothes_score=0.995(vs G4) face_distance=NA(vs GNone) matched=G4 method=clothes
2026-09-28 14:50:54 clothes_score=0.677(vs G2) face_distance=NA(vs GNone) matched=G2 method=clothes
2026-09-28 14:50:54 clothes_score=0.786(vs G4) face_distance=NA(vs GNone) matched=G4 method=clothes
2026-09-28 14:50:56 clothes_score=0.953(vs G3) face_distance=NA(vs GNone) matched=G3 method=clothes
2026-09-28 14:50:56 clothes_score=0.991(vs G4) face_distance=NA(vs GNone) matched=G4 method=clothes
2026-09-28 14:50:57 clothes_score=0.961(vs G3) face_distance=NA(vs GNone) matched=G3 method=clothes
2026-09-28 14:50:58 clothes_score=0.995(vs G4) face_distance=NA(vs GNone) matched=G4 method=clothes
2026-09-28 14:50:58 clothes_score=0.937(vs G4) face_distance=NA(vs GNone) matched=G4 method=clothes
2026-09-28 14:51:01 clothes_score=0.630(vs G4) face_distance=0.417(vs G2) matched=G2 method=face
2026-09-28 14:51:01 clothes_score=0.994(vs G4) face_distance=NA(vs GNone) matched=G4 method=clothes
2026-09-28 14:51:01 clothes_score=0.698(vs G3) face_distance=NA(vs GNone) matched=G3 method=clothes
2026-09-28 14:51:02 clothes_score=0.639(vs G2) face_distance=NA(vs GNone) matched=G2 method=clothes
2026-09-28 14:51:02 clothes_score=0.998(vs G4) face_distance=NA(vs GNone) matched=G4 method=clothes
2026-09-28 14:51:03 clothes_score=0.681(vs G2) face_distance=NA(vs GNone) matched=G2 method=clothes
2026-09-28 14:51:03 clothes_score=0.768(vs G2) face_distance=NA(vs GNone) matched=G2 method=clothes
2026-09-28 14:51:03 clothes_score=0.682(vs G3) face_distance=NA(vs GNone) matched=G3 method=clothes
2026-09-28 14:51:04 clothes_score=0.786(vs G3) face_distance=NA(vs GNone) matched=G3 method=clothes
2026-09-28 14:51:04 clothes_score=0.818(vs G3) face_distance=NA(vs GNone) matched=G3 method=clothes
2026-09-28 14:51:05 clothes_score=0.901(vs G3) face_distance=NA(vs GNone) matched=G3 method=clothes
2026-09-28 14:51:06 clothes_score=0.732(vs G3) face_distance=NA(vs GNone) matched=G3 method=clothes
2026-09-28 14:51:07 clothes_score=0.983(vs G1) face_distance=NA(vs GNone) matched=G1 method=clothes
2026-09-28 14:51:07 clothes_score=0.645(vs G4) face_distance=NA(vs GNone) matched=G4 method=clothes
2026-09-28 14:51:08 clothes_score=0.724(vs G4) face_distance=NA(vs GNone) matched=G4 method=clothes
2026-09-28 14:51:08 clothes_score=0.846(vs G2) face_distance=NA(vs GNone) matched=G2 method=clothes
2026-09-28 14:51:08 clothes_score=0.799(vs G3) face_distance=NA(vs GNone) matched=G3 method=clothes
2026-09-28 14:51:08 clothes_score=0.997(vs G4) face_distance=NA(vs GNone) matched=G4 method=clothes
2026-09-28 14:51:09 clothes_score=0.907(vs G2) face_distance=NA(vs GNone) matched=G2 method=clothes
2026-09-28 14:51:09 clothes_score=0.783(vs G3) face_distance=NA(vs GNone) matched=G3 method=clothes
2026-09-28 14:51:09 clothes_score=0.707(vs G2) face_distance=NA(vs GNone) matched=G2 method=clothes
2026-09-28 14:51:10 clothes_score=0.631(vs G3) face_distance=NA(vs GNone) matched=G3 method=clothes
2026-09-28 14:51:10 clothes_score=0.813(vs G3) face_distance=NA(vs GNone) matched=G3 method=clothes
2026-09-28 14:51:11 clothes_score=0.945(vs G3) face_distance=NA(vs GNone) matched=G3 method=clothes
2026-09-28 14:51:13 clothes_score=1.000(vs G1) face_distance=NA(vs GNone) matched=G1 method=clothes
2026-09-28 14:51:13 clothes_score=0.956(vs G4) face_distance=NA(vs GNone) matched=G4 method=clothes
2026-09-28 14:51:14 clothes_score=0.792(vs G3) face_distance=NA(vs GNone) matched=G3 method=clothes
2026-09-28 14:51:14 clothes_score=0.993(vs G4) face_distance=NA(vs GNone) matched=G4 method=clothes
2026-09-28 14:51:14 clothes_score=0.999(vs G4) face_distance=NA(vs GNone) matched=G4 method=clothes
2026-09-28 14:51:14 clothes_score=0.842(vs G3) face_distance=NA(vs GNone) matched=G3 method=clothes
2026-09-28 14:51:15 clothes_score=0.919(vs G2) face_distance=NA(vs GNone) matched=G2 method=clothes
2026-09-28 14:51:15 clothes_score=0.703(vs G3) face_distance=NA(vs GNone) matched=G3 method=clothes
2026-09-28 14:51:16 clothes_score=0.957(vs G2) face_distance=NA(vs GNone) matched=G2 method=clothes
2026-09-28 14:51:17 clothes_score=0.803(vs G3) face_distance=NA(vs GNone) matched=G3 method=clothes
2026-09-28 14:51:17 clothes_score=0.897(vs G3) face_distance=NA(vs GNone) matched=G3 method=clothes
2026-09-28 14:51:17 clothes_score=0.950(vs G3) face_distance=NA(vs GNone) matched=G3 method=clothes
2026-09-28 14:51:19 clothes_score=0.991(vs G4) face_distance=NA(vs GNone) matched=G4 method=clothes
2026-09-28 14:51:19 clothes_score=0.564(vs G2) face_distance=NA(vs GNone) matched=G2 method=clothes
2026-09-28 14:51:19 clothes_score=0.999(vs G1) face_distance=NA(vs GNone) matched=G1 method=clothes
2026-09-28 14:51:19 clothes_score=0.703(vs G4) face_distance=NA(vs GNone) matched=G4 method=clothes
2026-09-28 14:52:07 clothes_score=0.710(vs G4) face_distance=0.034(vs G2) matched=G2 method=face
2026-09-28 14:52:08 clothes_score=0.785(vs G4) face_distance=NA(vs GNone) matched=G4 method=clothes
2026-09-28 14:52:08 clothes_score=0.771(vs G4) face_distance=NA(vs GNone) matched=G4 method=clothes
2026-09-28 14:52:08 clothes_score=0.768(vs G1) face_distance=NA(vs GNone) matched=G1 method=clothes
2026-09-28 14:52:09 clothes_score=0.937(vs G2) face_distance=NA(vs GNone) matched=G2 method=clothes
2026-09-28 14:52:09 clothes_score=0.816(vs G3) face_distance=NA(vs GNone) matched=G3 method=clothes
2026-09-28 14:52:10 clothes_score=0.940(vs G2) face_distance=NA(vs GNone) matched=G2 method=clothes
2026-09-28 14:52:11 clothes_score=0.838(vs G3) face_distance=NA(vs GNone) matched=G3 method=clothes
2026-09-28 14:52:11 clothes_score=0.963(vs G3) face_distance=NA(vs GNone) matched=G3 method=clothes
2026-09-28 14:52:11 clothes_score=0.872(vs G3) face_distance=NA(vs GNone) matched=G3 method=clothes
2026-09-28 14:52:11 clothes_score=0.993(vs G1) face_distance=NA(vs GNone) matched=G1 method=clothes
2026-09-28 14:52:11 clothes_score=0.757(vs G4) face_distance=NA(vs GNone) matched=G4 method=clothes
2026-09-28 14:52:13 clothes_score=0.996(vs G1) face_distance=NA(vs GNone) matched=G1 method=clothes
2026-09-28 14:52:13 clothes_score=0.722(vs G2) face_distance=NA(vs GNone) matched=G2 method=clothes
2026-09-28 14:52:13 clothes_score=0.263(vs G2) face_distance=NA(vs GNone) matched=G5 method=none
2026-09-28 14:52:13 clothes_score=0.631(vs G4) face_distance=NA(vs GNone) matched=G4 method=clothes
2026-09-28 14:52:14 clothes_score=0.975(vs G1) face_distance=NA(vs GNone) matched=G1 method=clothes
2026-09-28 14:52:14 clothes_score=0.985(vs G4) face_distance=NA(vs GNone) matched=G4 method=clothes
2026-09-28 14:52:16 clothes_score=0.928(vs G2) face_distance=0.000(vs G2) matched=G2 method=face
2026-09-28 14:52:16 clothes_score=0.955(vs G2) face_distance=NA(vs GNone) matched=G2 method=clothes
2026-09-28 14:52:16 clothes_score=0.756(vs G3) face_distance=NA(vs GNone) matched=G3 method=clothes
2026-09-28 14:52:16 clothes_score=0.997(vs G1) face_distance=NA(vs GNone) matched=G1 method=clothes
2026-09-28 14:52:17 clothes_score=0.828(vs G4) face_distance=NA(vs GNone) matched=G4 method=clothes
2026-09-28 14:52:17 clothes_score=0.896(vs G4) face_distance=NA(vs GNone) matched=G4 method=clothes
2026-09-28 14:52:19 clothes_score=0.994(vs G3) face_distance=NA(vs GNone) matched=G3 method=clothes
2026-09-28 14:52:20 clothes_score=0.973(vs G3) face_distance=NA(vs GNone) matched=G3 method=clothes
2026-09-28 14:52:23 clothes_score=0.911(vs G3) face_distance=NA(vs GNone) matched=G3 method=clothes
2026-09-28 14:52:24 clothes_score=0.970(vs G5) face_distance=NA(vs GNone) matched=G5 method=clothes
2026-09-28 14:52:25 clothes_score=0.788(vs G3) face_distance=NA(vs GNone) matched=G3 method=clothes
2026-09-28 14:52:25 clothes_score=0.906(vs G3) face_distance=NA(vs GNone) matched=G3 method=clothes
2026-09-28 14:52:27 clothes_score=0.995(vs G1) face_distance=NA(vs GNone) matched=G1 method=clothes
2026-09-28 14:52:27 clothes_score=0.734(vs G2) face_distance=NA(vs GNone) matched=G2 method=clothes
2026-09-28 14:52:29 clothes_score=0.718(vs G4) face_distance=NA(vs GNone) matched=G4 method=clothes
2026-09-28 14:52:30 clothes_score=0.808(vs G4) face_distance=NA(vs GNone) matched=G4 method=clothes
2026-09-28 14:52:30 clothes_score=0.995(vs G1) face_distance=NA(vs GNone) matched=G1 method=clothes
2026-09-28 14:52:30 clothes_score=0.969(vs G4) face_distance=NA(vs GNone) matched=G4 method=clothes
2026-09-28 14:52:31 clothes_score=0.610(vs G2) face_distance=NA(vs GNone) matched=G2 method=clothes
2026-09-28 14:52:32 clothes_score=0.657(vs G4) face_distance=NA(vs GNone) matched=G4 method=clothes
2026-09-28 14:52:36 clothes_score=0.654(vs G3) face_distance=NA(vs GNone) matched=G3 method=clothes
2026-09-28 14:52:36 clothes_score=0.991(vs G1) face_distance=NA(vs GNone) matched=G1 method=clothes
2026-09-28 14:52:38 clothes_score=0.962(vs G3) face_distance=NA(vs GNone) matched=G3 method=clothes
2026-09-28 14:52:42 clothes_score=0.663(vs G3) face_distance=NA(vs GNone) matched=G3 method=clothes
2026-09-28 14:52:42 clothes_score=0.998(vs G1) face_distance=NA(vs GNone) matched=G1 method=clothes
2026-09-28 14:52:43 clothes_score=0.985(vs G1) face_distance=NA(vs GNone) matched=G1 method=clothes
2026-09-28 14:52:43 clothes_score=0.989(vs G1) face_distance=NA(vs GNone) matched=G1 method=clothes
2026-09-28 14:52:44 clothes_score=0.920(vs G4) face_distance=NA(vs GNone) matched=G4 method=clothes
2026-09-28 14:52:44 clothes_score=0.644(vs G2) face_distance=NA(vs GNone) matched=G2 method=clothes
2026-09-28 14:52:44 clothes_score=0.848(vs G4) face_distance=NA(vs GNone) matched=G4 method=clothes
2026-09-28 14:52:45 clothes_score=0.982(vs G3) face_distance=NA(vs GNone) matched=G3 method=clothes
2026-09-28 14:52:48 clothes_score=0.981(vs G5) face_distance=NA(vs GNone) matched=G5 method=clothes
2026-09-28 14:52:50 clothes_score=0.750(vs G2) face_distance=0.435(vs G2) matched=G2 method=face
2026-09-28 14:52:51 clothes_score=0.902(vs G4) face_distance=NA(vs GNone) matched=G4 method=clothes
2026-09-28 14:52:51 clothes_score=0.840(vs G3) face_distance=NA(vs GNone) matched=G3 method=clothes
2026-09-28 14:52:51 clothes_score=0.998(vs G1) face_distance=NA(vs GNone) matched=G1 method=clothes
2026-09-28 14:52:52 clothes_score=0.749(vs G2) face_distance=NA(vs GNone) matched=G2 method=clothes
2026-09-28 14:52:52 clothes_score=0.916(vs G4) face_distance=NA(vs GNone) matched=G4 method=clothes
2026-09-28 14:52:52 clothes_score=0.889(vs G4) face_distance=NA(vs GNone) matched=G4 method=clothes
2026-09-28 14:52:53 clothes_score=0.949(vs G3) face_distance=NA(vs GNone) matched=G3 method=clothes
2026-09-28 14:52:54 clothes_score=0.898(vs G3) face_distance=NA(vs GNone) matched=G3 method=clothes
2026-09-28 14:52:54 clothes_score=0.889(vs G3) face_distance=NA(vs GNone) matched=G3 method=clothes
2026-09-28 14:52:55 clothes_score=0.991(vs G1) face_distance=NA(vs GNone) matched=G1 method=clothes
2026-09-28 14:52:55 clothes_score=0.905(vs G3) face_distance=NA(vs GNone) matched=G3 method=clothes
2026-09-28 14:52:56 clothes_score=0.549(vs G4) face_distance=NA(vs GNone) matched=G4 method=clothes
2026-09-28 14:52:56 clothes_score=0.995(vs G5) face_distance=NA(vs GNone) matched=G5 method=clothes
2026-09-28 14:52:56 clothes_score=0.851(vs G4) face_distance=NA(vs GNone) matched=G4 method=clothes
2026-09-28 14:52:57 clothes_score=0.973(vs G2) face_distance=NA(vs GNone) matched=G2 method=clothes
2026-09-28 14:52:58 clothes_score=0.921(vs G4) face_distance=NA(vs GNone) matched=G4 method=clothes
2026-09-28 14:52:58 clothes_score=0.934(vs G2) face_distance=NA(vs GNone) matched=G2 method=clothes
2026-09-28 14:52:58 clothes_score=0.993(vs G1) face_distance=NA(vs GNone) matched=G1 method=clothes
2026-09-28 14:52:58 clothes_score=0.950(vs G3) face_distance=NA(vs GNone) matched=G3 method=clothes
2026-09-28 14:52:59 clothes_score=0.818(vs G4) face_distance=NA(vs GNone) matched=G4 method=clothes
2026-09-28 14:52:59 clothes_score=0.593(vs G4) face_distance=NA(vs GNone) matched=G4 method=clothes
2026-09-28 14:53:00 clothes_score=0.674(vs G3) face_distance=NA(vs GNone) matched=G3 method=clothes
2026-09-28 14:53:00 clothes_score=0.996(vs G1) face_distance=NA(vs GNone) matched=G1 method=clothes
2026-09-28 14:53:02 clothes_score=0.998(vs G1) face_distance=NA(vs GNone) matched=G1 method=clothes
2026-09-28 14:53:02 clothes_score=0.973(vs G1) face_distance=NA(vs GNone) matched=G1 method=clothes
2026-09-28 14:53:03 clothes_score=0.980(vs G1) face_distance=NA(vs GNone) matched=G1 method=clothes
2026-09-28 14:53:03 clothes_score=0.770(vs G3) face_distance=NA(vs GNone) matched=G3 method=clothes
2026-09-28 14:53:03 clothes_score=0.867(vs G3) face_distance=NA(vs GNone) matched=G3 method=clothes
2026-09-28 14:53:04 clothes_score=0.586(vs G2) face_distance=NA(vs GNone) matched=G2 method=clothes
2026-09-28 14:53:04 clothes_score=0.993(vs G1) face_distance=NA(vs GNone) matched=G1 method=clothes
2026-09-28 14:53:04 clothes_score=0.969(vs G3) face_distance=NA(vs GNone) matched=G3 method=clothes
2026-09-28 14:53:04 clothes_score=0.767(vs G2) face_distance=NA(vs GNone) matched=G2 method=clothes
2026-09-28 14:53:04 clothes_score=0.897(vs G4) face_distance=NA(vs GNone) matched=G4 method=clothes
2026-09-28 14:53:04 clothes_score=0.866(vs G4) face_distance=NA(vs GNone) matched=G4 method=clothes
2026-09-28 15:18:03 clothes_score=0.202(vs G1) face_distance=NA(vs GNone) matched=G2 method=none
2026-09-28 15:18:03 clothes_score=0.602(vs G2) face_distance=NA(vs GNone) matched=G2 method=clothes
2026-09-28 15:18:03 clothes_score=0.510(vs G2) face_distance=NA(vs GNone) matched=G2 method=clothes
2026-09-28 15:18:03 clothes_score=0.401(vs G2) face_distance=NA(vs GNone) matched=G2 method=clothes
2026-09-28 15:18:03 clothes_score=0.354(vs G2) face_distance=NA(vs GNone) matched=G3 method=none
2026-09-28 15:18:03 clothes_score=0.845(vs G2) face_distance=NA(vs GNone) matched=G2 method=clothes
2026-09-28 15:18:05 clothes_score=0.940(vs G2) face_distance=NA(vs GNone) matched=G2 method=clothes
2026-09-28 15:18:05 clothes_score=0.632(vs G3) face_distance=NA(vs GNone) matched=G3 method=clothes
2026-09-28 15:18:06 clothes_score=0.682(vs G2) face_distance=NA(vs GNone) matched=G2 method=clothes
2026-09-28 15:18:06 clothes_score=0.870(vs G2) face_distance=NA(vs GNone) matched=G2 method=clothes
2026-09-28 15:18:06 clothes_score=0.979(vs G3) face_distance=NA(vs GNone) matched=G3 method=clothes
2026-09-28 15:18:08 clothes_score=0.987(vs G3) face_distance=NA(vs GNone) matched=G3 method=clothes
2026-09-28 15:18:09 clothes_score=0.695(vs G2) face_distance=NA(vs GNone) matched=G2 method=clothes
2026-09-28 15:18:11 clothes_score=0.915(vs G2) face_distance=NA(vs GNone) matched=G2 method=clothes
2026-09-28 15:18:11 clothes_score=0.873(vs G2) face_distance=NA(vs GNone) matched=G2 method=clothes
2026-09-28 15:18:12 clothes_score=0.663(vs G3) face_distance=NA(vs GNone) matched=G3 method=clothes
2026-09-28 15:18:12 clothes_score=0.840(vs G2) face_distance=NA(vs GNone) matched=G2 method=clothes
2026-09-28 15:18:13 clothes_score=0.756(vs G2) face_distance=NA(vs GNone) matched=G2 method=clothes
2026-09-28 15:18:13 clothes_score=0.915(vs G2) face_distance=NA(vs GNone) matched=G2 method=clothes
2026-09-28 15:18:14 clothes_score=0.975(vs G3) face_distance=NA(vs GNone) matched=G3 method=clothes
2026-09-28 15:18:14 clothes_score=0.608(vs G2) face_distance=NA(vs GNone) matched=G2 method=clothes
2026-09-28 15:18:15 clothes_score=0.957(vs G2) face_distance=NA(vs GNone) matched=G2 method=clothes
2026-09-28 15:18:16 clothes_score=0.791(vs G2) face_distance=NA(vs GNone) matched=G2 method=clothes
2026-09-28 15:18:17 clothes_score=0.702(vs G3) face_distance=NA(vs GNone) matched=G3 method=clothes
2026-09-28 15:18:17 clothes_score=0.687(vs G3) face_distance=NA(vs GNone) matched=G3 method=clothes
2026-09-28 15:18:17 clothes_score=0.926(vs G2) face_distance=NA(vs GNone) matched=G2 method=clothes
2026-09-28 15:18:17 clothes_score=0.941(vs G3) face_distance=NA(vs GNone) matched=G3 method=clothes
2026-09-28 15:18:18 clothes_score=0.602(vs G2) face_distance=NA(vs GNone) matched=G2 method=clothes
2026-09-28 15:18:18 clothes_score=0.807(vs G2) face_distance=NA(vs GNone) matched=G2 method=clothes
2026-09-28 15:18:18 clothes_score=0.356(vs G2) face_distance=NA(vs GNone) matched=G4 method=none
2026-09-28 15:18:19 clothes_score=0.802(vs G3) face_distance=NA(vs GNone) matched=G3 method=clothes
2026-09-28 15:18:19 clothes_score=0.952(vs G4) face_distance=NA(vs GNone) matched=G4 method=clothes
2026-09-28 15:18:19 clothes_score=0.884(vs G2) face_distance=NA(vs GNone) matched=G2 method=clothes
2026-09-28 15:18:19 clothes_score=0.817(vs G2) face_distance=NA(vs GNone) matched=G2 method=clothes
2026-09-28 15:18:19 clothes_score=0.805(vs G3) face_distance=NA(vs GNone) matched=G3 method=clothes
2026-09-28 15:18:20 clothes_score=0.815(vs G3) face_distance=NA(vs GNone) matched=G3 method=clothes
2026-09-28 15:18:21 clothes_score=0.955(vs G2) face_distance=NA(vs GNone) matched=G2 method=clothes
2026-09-28 15:18:22 clothes_score=0.658(vs G3) face_distance=NA(vs GNone) matched=G3 method=clothes
2026-09-28 15:18:22 clothes_score=0.891(vs G2) face_distance=NA(vs GNone) matched=G2 method=clothes
2026-09-28 15:18:22 clothes_score=0.722(vs G2) face_distance=NA(vs GNone) matched=G2 method=clothes
2026-09-28 15:18:23 clothes_score=0.936(vs G2) face_distance=NA(vs GNone) matched=G2 method=clothes
2026-09-28 15:18:24 clothes_score=0.683(vs G2) face_distance=NA(vs GNone) matched=G2 method=clothes
2026-09-28 15:18:25 clothes_score=0.690(vs G2) face_distance=NA(vs GNone) matched=G2 method=clothes
2026-09-28 15:18:27 clothes_score=0.696(vs G4) face_distance=0.664(vs G2) matched=G4 method=clothes
2026-09-28 15:18:31 clothes_score=0.951(vs G2) face_distance=NA(vs GNone) matched=G2 method=clothes
2026-09-28 15:18:31 clothes_score=0.917(vs G3) face_distance=NA(vs GNone) matched=G3 method=clothes
2026-09-28 15:18:31 clothes_score=0.837(vs G2) face_distance=NA(vs GNone) matched=G2 method=clothes
2026-09-28 15:18:31 clothes_score=0.872(vs G2) face_distance=NA(vs GNone) matched=G2 method=clothes
2026-09-28 15:18:31 clothes_score=0.601(vs G2) face_distance=NA(vs GNone) matched=G2 method=clothes
2026-09-28 15:18:33 clothes_score=0.905(vs G3) face_distance=NA(vs GNone) matched=G3 method=clothes
2026-09-28 15:18:33 clothes_score=0.756(vs G2) face_distance=NA(vs GNone) matched=G2 method=clothes
2026-09-28 15:18:33 clothes_score=0.950(vs G2) face_distance=NA(vs GNone) matched=G2 method=clothes
2026-09-28 15:18:36 clothes_score=0.642(vs G2) face_distance=NA(vs GNone) matched=G2 method=clothes
2026-09-28 15:18:36 clothes_score=0.698(vs G2) face_distance=NA(vs GNone) matched=G2 method=clothes
2026-09-28 15:18:36 clothes_score=0.687(vs G4) face_distance=NA(vs GNone) matched=G4 method=clothes
2026-09-28 15:18:38 clothes_score=0.999(vs G4) face_distance=0.000(vs G4) matched=G4 method=face
2026-09-28 15:18:39 clothes_score=0.840(vs G2) face_distance=NA(vs GNone) matched=G2 method=clothes
2026-09-28 15:18:39 clothes_score=0.688(vs G4) face_distance=NA(vs GNone) matched=G4 method=clothes
2026-09-28 15:18:39 clothes_score=0.965(vs G2) face_distance=NA(vs GNone) matched=G2 method=clothes
2026-09-28 15:18:39 clothes_score=0.975(vs G3) face_distance=NA(vs GNone) matched=G3 method=clothes
2026-09-28 15:18:40 clothes_score=0.989(vs G4) face_distance=NA(vs GNone) matched=G4 method=clothes
2026-09-28 15:18:40 clothes_score=0.852(vs G2) face_distance=NA(vs GNone) matched=G2 method=clothes
2026-09-28 15:18:40 clothes_score=0.708(vs G2) face_distance=NA(vs GNone) matched=G2 method=clothes
2026-09-28 15:18:41 clothes_score=0.908(vs G3) face_distance=NA(vs GNone) matched=G3 method=clothes
2026-09-28 15:18:42 clothes_score=0.735(vs G2) face_distance=NA(vs GNone) matched=G2 method=clothes
2026-09-28 15:18:42 clothes_score=0.930(vs G3) face_distance=NA(vs GNone) matched=G3 method=clothes
2026-09-28 15:18:44 clothes_score=0.867(vs G2) face_distance=NA(vs GNone) matched=G2 method=clothes
2026-09-28 15:18:44 clothes_score=0.849(vs G4) face_distance=NA(vs GNone) matched=G4 method=clothes
2026-09-28 15:18:44 clothes_score=0.639(vs G3) face_distance=NA(vs GNone) matched=G3 method=clothes
2026-09-28 15:18:44 clothes_score=0.670(vs G4) face_distance=NA(vs GNone) matched=G4 method=clothes
2026-09-28 15:18:44 clothes_score=0.664(vs G4) face_distance=NA(vs GNone) matched=G4 method=clothes
2026-09-28 15:18:44 clothes_score=0.705(vs G3) face_distance=NA(vs GNone) matched=G3 method=clothes
2026-09-28 15:18:45 clothes_score=0.680(vs G4) face_distance=NA(vs GNone) matched=G4 method=clothes
2026-09-28 15:18:45 clothes_score=0.953(vs G2) face_distance=NA(vs GNone) matched=G2 method=clothes
2026-09-28 15:18:45 clothes_score=0.794(vs G4) face_distance=NA(vs GNone) matched=G4 method=clothes
2026-09-28 15:18:46 clothes_score=0.830(vs G2) face_distance=NA(vs GNone) matched=G2 method=clothes
2026-09-28 15:18:46 clothes_score=0.698(vs G4) face_distance=NA(vs GNone) matched=G4 method=clothes
2026-09-28 15:18:46 clothes_score=0.795(vs G2) face_distance=NA(vs GNone) matched=G2 method=clothes
2026-09-28 15:18:47 clothes_score=0.602(vs G3) face_distance=NA(vs GNone) matched=G3 method=clothes
2026-09-28 15:18:48 clothes_score=0.698(vs G2) face_distance=NA(vs GNone) matched=G2 method=clothes
2026-09-28 15:18:48 clothes_score=0.826(vs G2) face_distance=NA(vs GNone) matched=G2 method=clothes
2026-09-28 15:18:49 clothes_score=0.893(vs G3) face_distance=NA(vs GNone) matched=G3 method=clothes
2026-09-28 15:18:49 clothes_score=0.762(vs G2) face_distance=NA(vs GNone) matched=G2 method=clothes
2026-09-28 15:18:50 clothes_score=0.878(vs G3) face_distance=NA(vs GNone) matched=G3 method=clothes
2026-09-28 15:18:50 clothes_score=0.664(vs G2) face_distance=NA(vs GNone) matched=G2 method=clothes
2026-09-28 15:18:50 clothes_score=0.876(vs G3) face_distance=NA(vs GNone) matched=G3 method=clothes
2026-09-28 15:18:50 clothes_score=0.985(vs G1) face_distance=NA(vs GNone) matched=G1 method=clothes
2026-09-28 15:18:51 clothes_score=0.728(vs G4) face_distance=NA(vs GNone) matched=G4 method=clothes
2026-09-28 15:18:51 clothes_score=0.812(vs G4) face_distance=NA(vs GNone) matched=G4 method=clothes
2026-09-28 15:18:52 clothes_score=0.975(vs G2) face_distance=NA(vs GNone) matched=G2 method=clothes
2026-09-28 15:18:52 clothes_score=0.704(vs G3) face_distance=NA(vs GNone) matched=G3 method=clothes
2026-09-28 15:18:52 clothes_score=0.760(vs G2) face_distance=NA(vs GNone) matched=G2 method=clothes
2026-09-28 15:18:52 clothes_score=0.993(vs G4) face_distance=NA(vs GNone) matched=G4 method=clothes
2026-09-28 15:18:52 clothes_score=0.968(vs G3) face_distance=NA(vs GNone) matched=G3 method=clothes
2026-09-28 15:18:52 clothes_score=0.796(vs G4) face_distance=NA(vs GNone) matched=G4 method=clothes
2026-09-28 15:18:54 clothes_score=0.696(vs G3) face_distance=NA(vs GNone) matched=G3 method=clothes
2026-09-28 15:18:56 clothes_score=0.994(vs G2) face_distance=NA(vs GNone) matched=G2 method=clothes
2026-09-28 15:18:56 clothes_score=0.958(vs G1) face_distance=NA(vs GNone) matched=G1 method=clothes
2026-09-28 15:18:57 clothes_score=0.886(vs G4) face_distance=NA(vs GNone) matched=G4 method=clothes
2026-09-28 15:18:57 clothes_score=0.719(vs G4) face_distance=NA(vs GNone) matched=G4 method=clothes
2026-09-28 15:18:57 clothes_score=0.804(vs G4) face_distance=NA(vs GNone) matched=G4 method=clothes
2026-09-28 15:18:57 clothes_score=0.718(vs G4) face_distance=NA(vs GNone) matched=G4 method=clothes
2026-09-28 15:18:58 clothes_score=0.983(vs G2) face_distance=NA(vs GNone) matched=G2 method=clothes
2026-09-28 15:18:58 clothes_score=0.771(vs G1) face_distance=NA(vs GNone) matched=G1 method=clothes
2026-09-28 15:18:59 clothes_score=0.981(vs G3) face_distance=NA(vs GNone) matched=G3 method=clothes
2026-09-28 15:18:59 clothes_score=0.882(vs G4) face_distance=NA(vs GNone) matched=G4 method=clothes
2026-09-28 15:18:59 clothes_score=0.994(vs G1) face_distance=NA(vs GNone) matched=G1 method=clothes
2026-09-28 15:18:59 clothes_score=0.926(vs G2) face_distance=NA(vs GNone) matched=G2 method=clothes
2026-09-28 15:19:00 clothes_score=0.960(vs G3) face_distance=NA(vs GNone) matched=G3 method=clothes
2026-09-28 15:19:01 clothes_score=0.973(vs G2) face_distance=NA(vs GNone) matched=G2 method=clothes
2026-09-28 15:19:01 clothes_score=0.990(vs G1) face_distance=NA(vs GNone) matched=G1 method=clothes
2026-09-28 15:19:02 clothes_score=0.707(vs G4) face_distance=NA(vs GNone) matched=G4 method=clothes
2026-09-28 15:19:02 clothes_score=0.809(vs G3) face_distance=NA(vs GNone) matched=G3 method=clothes
2026-09-28 15:19:02 clothes_score=0.997(vs G1) face_distance=NA(vs GNone) matched=G1 method=clothes
2026-09-28 15:19:03 clothes_score=0.920(vs G4) face_distance=NA(vs GNone) matched=G4 method=clothes
2026-09-28 15:19:03 clothes_score=0.887(vs G1) face_distance=NA(vs GNone) matched=G1 method=clothes
2026-09-28 15:19:03 clothes_score=0.677(vs G4) face_distance=NA(vs GNone) matched=G4 method=clothes
2026-09-28 15:19:04 clothes_score=0.972(vs G2) face_distance=NA(vs GNone) matched=G2 method=clothes
2026-09-28 15:19:04 clothes_score=0.994(vs G1) face_distance=NA(vs GNone) matched=G1 method=clothes
2026-09-28 15:19:04 clothes_score=0.919(vs G3) face_distance=NA(vs GNone) matched=G3 method=clothes
2026-09-28 15:19:04 clothes_score=0.670(vs G4) face_distance=NA(vs GNone) matched=G4 method=clothes
2026-09-28 15:19:05 clothes_score=0.848(vs G4) face_distance=NA(vs GNone) matched=G4 method=clothes
2026-09-28 15:19:05 clothes_score=0.996(vs G1) face_distance=NA(vs GNone) matched=G1 method=clothes
2026-09-28 15:19:05 clothes_score=0.982(vs G2) face_distance=NA(vs GNone) matched=G2 method=clothes
2026-09-28 15:19:05 clothes_score=0.927(vs G3) face_distance=NA(vs GNone) matched=G3 method=clothes
2026-09-28 15:19:06 clothes_score=0.678(vs G3) face_distance=NA(vs GNone) matched=G3 method=clothes
2026-09-28 15:19:07 clothes_score=0.978(vs G2) face_distance=NA(vs GNone) matched=G2 method=clothes
2026-09-28 15:19:07 clothes_score=0.759(vs G4) face_distance=NA(vs GNone) matched=G4 method=clothes
2026-09-28 15:19:07 clothes_score=0.995(vs G1) face_distance=NA(vs GNone) matched=G1 method=clothes
2026-09-28 15:19:07 clothes_score=0.942(vs G4) face_distance=NA(vs GNone) matched=G4 method=clothes
2026-09-28 15:19:08 clothes_score=0.997(vs G1) face_distance=NA(vs GNone) matched=G1 method=clothes
2026-09-28 15:19:08 clothes_score=0.856(vs G4) face_distance=NA(vs GNone) matched=G4 method=clothes
2026-09-28 15:19:09 clothes_score=0.597(vs G1) face_distance=NA(vs GNone) matched=G1 method=clothes
2026-09-28 15:19:09 clothes_score=0.864(vs G4) face_distance=NA(vs GNone) matched=G4 method=clothes
2026-09-28 15:19:10 clothes_score=0.998(vs G2) face_distance=NA(vs GNone) matched=G2 method=clothes
2026-09-28 15:19:10 clothes_score=0.991(vs G1) face_distance=NA(vs GNone) matched=G1 method=clothes
2026-09-28 15:19:10 clothes_score=0.970(vs G3) face_distance=NA(vs GNone) matched=G3 method=clothes
2026-09-28 15:19:11 clothes_score=0.966(vs G3) face_distance=NA(vs GNone) matched=G3 method=clothes
2026-09-28 15:19:11 clothes_score=0.859(vs G4) face_distance=NA(vs GNone) matched=G4 method=clothes
2026-09-28 15:19:11 clothes_score=0.995(vs G1) face_distance=NA(vs GNone) matched=G1 method=clothes
2026-09-28 15:19:11 clothes_score=0.957(vs G4) face_distance=NA(vs GNone) matched=G4 method=clothes
2026-09-28 15:19:12 clothes_score=0.809(vs G4) face_distance=NA(vs GNone) matched=G4 method=clothes
2026-09-28 15:19:13 clothes_score=0.932(vs G3) face_distance=NA(vs GNone) matched=G3 method=clothes
2026-09-28 15:19:13 clothes_score=0.861(vs G4) face_distance=NA(vs GNone) matched=G4 method=clothes
2026-09-28 15:19:13 clothes_score=0.993(vs G1) face_distance=NA(vs GNone) matched=G1 method=clothes
2026-09-28 15:19:15 clothes_score=0.671(vs G2) face_distance=NA(vs GNone) matched=G2 method=clothes
2026-09-28 15:19:16 clothes_score=0.996(vs G2) face_distance=NA(vs GNone) matched=G2 method=clothes
2026-09-28 15:19:16 clothes_score=0.794(vs G1) face_distance=NA(vs GNone) matched=G1 method=clothes
2026-09-28 15:19:16 clothes_score=0.669(vs G3) face_distance=NA(vs GNone) matched=G3 method=clothes
2026-09-28 15:19:16 clothes_score=0.782(vs G2) face_distance=NA(vs GNone) matched=G2 method=clothes
2026-09-28 15:19:16 clothes_score=0.746(vs G3) face_distance=NA(vs GNone) matched=G3 method=clothes
2026-09-28 15:19:16 clothes_score=0.745(vs G2) face_distance=NA(vs GNone) matched=G2 method=clothes
2026-09-28 15:19:17 clothes_score=0.446(vs G2) face_distance=NA(vs GNone) matched=G2 method=clothes
2026-09-28 15:19:17 clothes_score=0.697(vs G2) face_distance=NA(vs GNone) matched=G2 method=clothes
2026-09-28 15:19:17 clothes_score=0.876(vs G2) face_distance=NA(vs GNone) matched=G2 method=clothes
2026-09-28 15:19:17 clothes_score=0.861(vs G4) face_distance=NA(vs GNone) matched=G4 method=clothes
2026-09-28 15:19:17 clothes_score=0.994(vs G1) face_distance=NA(vs GNone) matched=G1 method=clothes
2026-09-28 15:19:18 clothes_score=0.302(vs G4) face_distance=NA(vs GNone) matched=G5 method=none
2026-09-28 15:19:18 clothes_score=0.959(vs G4) face_distance=NA(vs GNone) matched=G4 method=clothes
2026-09-28 15:19:19 clothes_score=0.951(vs G2) face_distance=NA(vs GNone) matched=G2 method=clothes
2026-09-28 15:19:20 clothes_score=0.942(vs G4) face_distance=NA(vs GNone) matched=G4 method=clothes
2026-09-28 15:19:20 clothes_score=0.897(vs G3) face_distance=NA(vs GNone) matched=G3 method=clothes
2026-09-28 15:19:21 clothes_score=0.880(vs G3) face_distance=NA(vs GNone) matched=G3 method=clothes
2026-09-28 15:19:22 clothes_score=0.884(vs G3) face_distance=NA(vs GNone) matched=G3 method=clothes
2026-09-28 15:19:22 clothes_score=1.000(vs G1) face_distance=NA(vs GNone) matched=G1 method=clothes
2026-09-28 15:19:22 clothes_score=0.671(vs G4) face_distance=NA(vs GNone) matched=G4 method=clothes
2026-09-28 15:19:22 clothes_score=0.828(vs G5) face_distance=NA(vs GNone) matched=G5 method=clothes
2026-09-28 15:19:23 clothes_score=0.699(vs G1) face_distance=NA(vs GNone) matched=G1 method=clothes
2026-09-28 15:19:23 clothes_score=0.776(vs G2) face_distance=NA(vs GNone) matched=G2 method=clothes
2026-09-28 15:19:24 clothes_score=0.883(vs G4) face_distance=NA(vs GNone) matched=G4 method=clothes
2026-09-28 15:19:24 clothes_score=0.965(vs G2) face_distance=NA(vs GNone) matched=G2 method=clothes
2026-09-28 15:19:24 clothes_score=1.000(vs G1) face_distance=NA(vs GNone) matched=G1 method=clothes
2026-09-28 15:19:24 clothes_score=0.674(vs G2) face_distance=NA(vs GNone) matched=G2 method=clothes
2026-09-28 15:19:25 clothes_score=0.973(vs G2) face_distance=NA(vs GNone) matched=G2 method=clothes
2026-09-28 15:19:26 clothes_score=0.896(vs G2) face_distance=NA(vs GNone) matched=G2 method=clothes
2026-09-28 15:19:27 clothes_score=0.920(vs G3) face_distance=NA(vs GNone) matched=G3 method=clothes
2026-09-28 15:19:28 clothes_score=0.936(vs G2) face_distance=NA(vs GNone) matched=G2 method=clothes
2026-09-28 15:19:28 clothes_score=0.914(vs G2) face_distance=NA(vs GNone) matched=G2 method=clothes
2026-09-28 15:19:28 clothes_score=0.961(vs G1) face_distance=NA(vs GNone) matched=G1 method=clothes
2026-09-28 15:19:29 clothes_score=0.996(vs G1) face_distance=NA(vs GNone) matched=G1 method=clothes
2026-09-28 15:19:29 clothes_score=0.710(vs G4) face_distance=NA(vs GNone) matched=G4 method=clothes
2026-09-28 15:19:30 clothes_score=0.989(vs G1) face_distance=NA(vs GNone) matched=G1 method=clothes
2026-09-28 15:19:30 clothes_score=0.952(vs G2) face_distance=NA(vs GNone) matched=G2 method=clothes
2026-09-28 15:19:30 clothes_score=0.840(vs G4) face_distance=NA(vs GNone) matched=G4 method=clothes
2026-09-28 15:19:30 clothes_score=0.995(vs G1) face_distance=NA(vs GNone) matched=G1 method=clothes
2026-09-28 15:19:30 clothes_score=0.882(vs G4) face_distance=NA(vs GNone) matched=G4 method=clothes
2026-09-28 15:19:30 clothes_score=0.902(vs G2) face_distance=NA(vs GNone) matched=G2 method=clothes
2026-09-28 15:19:32 clothes_score=0.984(vs G4) face_distance=NA(vs GNone) matched=G4 method=clothes
2026-09-28 15:19:32 clothes_score=0.987(vs G1) face_distance=NA(vs GNone) matched=G1 method=clothes
2026-09-28 15:19:34 clothes_score=0.995(vs G1) face_distance=NA(vs GNone) matched=G1 method=clothes
2026-09-28 15:19:34 clothes_score=0.888(vs G1) face_distance=NA(vs GNone) matched=G1 method=clothes
2026-09-28 15:19:35 clothes_score=0.939(vs G4) face_distance=NA(vs GNone) matched=G4 method=clothes
2026-09-28 15:19:35 clothes_score=0.808(vs G4) face_distance=NA(vs GNone) matched=G4 method=clothes
2026-09-28 15:19:35 clothes_score=0.964(vs G4) face_distance=NA(vs GNone) matched=G4 method=clothes
2026-09-28 15:19:35 clothes_score=0.958(vs G2) face_distance=NA(vs GNone) matched=G2 method=clothes
2026-09-28 15:19:36 clothes_score=0.925(vs G2) face_distance=NA(vs GNone) matched=G2 method=clothes
2026-09-28 15:19:36 clothes_score=0.993(vs G1) face_distance=NA(vs GNone) matched=G1 method=clothes
2026-09-28 15:19:37 clothes_score=0.871(vs G4) face_distance=NA(vs GNone) matched=G4 method=clothes
2026-09-28 15:19:37 clothes_score=0.848(vs G4) face_distance=NA(vs GNone) matched=G4 method=clothes
2026-09-28 15:19:38 clothes_score=0.946(vs G4) face_distance=NA(vs GNone) matched=G4 method=clothes
2026-09-28 15:19:39 clothes_score=0.996(vs G1) face_distance=NA(vs GNone) matched=G1 method=clothes
2026-09-28 15:19:39 clothes_score=0.957(vs G2) face_distance=NA(vs GNone) matched=G2 method=clothes
2026-09-28 15:19:40 clothes_score=0.946(vs G3) face_distance=NA(vs GNone) matched=G3 method=clothes
2026-09-28 15:19:40 clothes_score=0.998(vs G1) face_distance=NA(vs GNone) matched=G1 method=clothes
2026-09-28 15:19:40 clothes_score=0.824(vs G2) face_distance=NA(vs GNone) matched=G2 method=clothes
2026-09-28 15:19:41 clothes_score=0.259(vs G1) face_distance=NA(vs GNone) matched=G6 method=none
2026-09-28 15:19:41 clothes_score=0.934(vs G4) face_distance=NA(vs GNone) matched=G4 method=clothes
2026-09-28 15:19:42 clothes_score=0.709(vs G1) face_distance=NA(vs GNone) matched=G1 method=clothes
2026-09-28 15:19:42 clothes_score=0.960(vs G2) face_distance=NA(vs GNone) matched=G2 method=clothes
2026-09-28 15:19:42 clothes_score=0.849(vs G2) face_distance=NA(vs GNone) matched=G2 method=clothes
2026-09-28 15:19:42 clothes_score=0.743(vs G5) face_distance=NA(vs GNone) matched=G5 method=clothes
2026-09-28 15:19:42 clothes_score=0.994(vs G1) face_distance=NA(vs GNone) matched=G1 method=clothes
2026-09-28 15:19:43 clothes_score=0.989(vs G5) face_distance=NA(vs GNone) matched=G5 method=clothes
2026-09-28 15:19:43 clothes_score=0.753(vs G4) face_distance=NA(vs GNone) matched=G4 method=clothes
2026-09-28 15:19:44 clothes_score=0.998(vs G1) face_distance=NA(vs GNone) matched=G1 method=clothes
2026-09-28 15:24:08 clothes_score=0.202(vs G1) face_distance=NA(vs GNone) matched=G2 method=none
2026-09-28 15:24:08 clothes_score=0.602(vs G2) face_distance=NA(vs GNone) matched=G2 method=clothes
2026-09-28 15:24:08 clothes_score=0.510(vs G2) face_distance=NA(vs GNone) matched=G2 method=clothes
2026-09-28 15:24:08 clothes_score=0.401(vs G2) face_distance=NA(vs GNone) matched=G2 method=clothes
2026-09-28 15:24:08 clothes_score=0.354(vs G2) face_distance=NA(vs GNone) matched=G3 method=none
2026-09-28 15:24:08 clothes_score=0.845(vs G2) face_distance=NA(vs GNone) matched=G2 method=clothes
2026-09-28 15:24:10 clothes_score=0.920(vs G2) face_distance=NA(vs GNone) matched=G2 method=clothes
2026-09-28 15:24:11 clothes_score=0.760(vs G3) face_distance=NA(vs GNone) matched=G3 method=clothes
2026-09-28 15:24:12 clothes_score=0.564(vs G2) face_distance=NA(vs GNone) matched=G2 method=clothes
2026-09-28 15:24:12 clothes_score=0.923(vs G2) face_distance=NA(vs GNone) matched=G2 method=clothes
2026-09-28 15:24:18 clothes_score=0.937(vs G2) face_distance=NA(vs GNone) matched=G2 method=clothes
2026-09-28 15:24:18 clothes_score=0.628(vs G3) face_distance=NA(vs GNone) matched=G3 method=clothes
2026-09-28 15:24:22 clothes_score=0.911(vs G3) face_distance=NA(vs GNone) matched=G3 method=clothes
2026-09-28 15:24:24 clothes_score=0.673(vs G3) face_distance=NA(vs GNone) matched=G3 method=clothes
2026-09-28 15:24:26 clothes_score=0.555(vs G2) face_distance=NA(vs GNone) matched=G2 method=clothes
2026-09-28 15:24:26 clothes_score=0.600(vs G2) face_distance=NA(vs GNone) matched=G2 method=clothes
2026-09-28 15:24:27 clothes_score=0.949(vs G2) face_distance=NA(vs GNone) matched=G2 method=clothes
2026-09-28 15:24:28 clothes_score=0.662(vs G2) face_distance=NA(vs GNone) matched=G2 method=clothes
2026-09-28 15:24:28 clothes_score=0.581(vs G2) face_distance=NA(vs GNone) matched=G2 method=clothes
2026-09-28 15:24:29 clothes_score=0.866(vs G2) face_distance=NA(vs GNone) matched=G2 method=clothes
2026-09-28 15:24:30 clothes_score=0.974(vs G3) face_distance=NA(vs GNone) matched=G3 method=clothes
2026-09-28 15:24:32 clothes_score=0.792(vs G3) face_distance=NA(vs GNone) matched=G3 method=clothes
2026-09-28 15:24:33 clothes_score=0.625(vs G3) face_distance=NA(vs GNone) matched=G3 method=clothes
2026-09-28 15:24:33 clothes_score=0.696(vs G2) face_distance=NA(vs GNone) matched=G2 method=clothes
2026-09-28 15:24:33 clothes_score=0.991(vs G2) face_distance=NA(vs GNone) matched=G2 method=clothes
2026-09-28 15:24:34 clothes_score=0.690(vs G2) face_distance=NA(vs GNone) matched=G2 method=clothes
2026-09-28 15:24:34 clothes_score=0.817(vs G2) face_distance=NA(vs GNone) matched=G2 method=clothes
2026-09-28 15:24:34 clothes_score=0.967(vs G2) face_distance=NA(vs GNone) matched=G2 method=clothes
2026-09-28 15:24:35 clothes_score=0.927(vs G3) face_distance=NA(vs GNone) matched=G3 method=clothes
2026-09-28 15:24:38 clothes_score=0.404(vs G2) face_distance=NA(vs GNone) matched=G2 method=clothes
2026-09-28 15:24:41 clothes_score=0.691(vs G2) face_distance=0.452(vs G2) matched=G2 method=face
2026-09-28 15:24:41 clothes_score=0.957(vs G2) face_distance=NA(vs GNone) matched=G2 method=clothes
2026-09-28 15:24:41 clothes_score=0.982(vs G3) face_distance=NA(vs GNone) matched=G3 method=clothes
2026-09-28 15:24:42 clothes_score=0.635(vs G3) face_distance=NA(vs GNone) matched=G3 method=clothes
2026-09-28 15:24:42 clothes_score=0.595(vs G2) face_distance=NA(vs GNone) matched=G2 method=clothes
2026-09-28 15:24:42 clothes_score=0.808(vs G2) face_distance=NA(vs GNone) matched=G2 method=clothes
2026-09-28 15:24:42 clothes_score=0.452(vs G2) face_distance=NA(vs GNone) matched=G2 method=clothes
2026-09-28 15:24:43 clothes_score=0.674(vs G2) face_distance=NA(vs GNone) matched=G2 method=clothes
2026-09-28 15:24:43 clothes_score=0.371(vs G2) face_distance=NA(vs GNone) matched=G4 method=none
2026-09-28 15:24:44 clothes_score=0.973(vs G3) face_distance=NA(vs GNone) matched=G3 method=clothes
2026-09-28 17:05:27 clothes_score=0.443(vs G1) face_distance=NA(vs GNone) matched=G1 method=clothes
2026-09-28 17:05:43 clothes_score=0.903(vs G1) face_distance=NA(vs GNone) matched=G1 method=clothes
2026-09-28 17:05:44 clothes_score=0.763(vs G1) face_distance=NA(vs GNone) matched=G1 method=clothes
2026-09-28 17:05:47 clothes_score=0.976(vs G1) face_distance=NA(vs GNone) matched=G1 method=clothes
2026-09-28 17:44:15 clothes_score=0.632(vs G1) face_distance=0.523(vs G1) matched=G1 method=face
2026-09-28 17:44:46 clothes_score=0.707(vs G1) face_distance=0.312(vs G1) matched=G1 method=face
2026-09-28 17:44:51 clothes_score=0.885(vs G1) face_distance=NA(vs GNone) matched=G1 method=clothes
2026-09-28 17:44:54 clothes_score=0.760(vs G1) face_distance=0.444(vs G1) matched=G1 method=face
2026-09-28 17:48:14 clothes_score=0.783(vs G1) face_distance=0.569(vs G1) matched=G1 method=face
2026-09-29 12:27:03 clothes_score=0.652(vs G1) face_distance=0.451(vs G1) matched=G1 method=face
2026-09-29 12:27:10 clothes_score=0.696(vs G1) face_distance=0.377(vs G1) matched=G1 method=face
2026-09-29 12:27:19 clothes_score=0.998(vs G1) face_distance=0.101(vs G1) matched=G1 method=face
2026-09-29 12:27:33 clothes_score=0.927(vs G1) face_distance=0.036(vs G1) matched=G1 method=face
2026-09-29 12:34:54 clothes_score=0.693(vs G1) face_distance=0.502(vs G1) matched=G1 method=face
2026-09-29 12:34:57 clothes_score=0.786(vs G1) face_distance=0.378(vs G1) matched=G1 method=face
2026-09-29 12:35:13 clothes_score=0.984(vs G1) face_distance=NA(vs GNone) matched=G1 method=clothes
2026-09-29 12:35:17 clothes_score=0.912(vs G1) face_distance=0.178(vs G1) matched=G1 method=face
2026-09-29 12:35:34 clothes_score=0.811(vs G1) face_distance=NA(vs GNone) matched=G1 method=clothes
2026-09-29 12:35:38 clothes_score=0.902(vs G1) face_distance=0.139(vs G1) matched=G1 method=face
2026-09-29 12:35:42 clothes_score=0.943(vs G1) face_distance=0.257(vs G1) matched=G1 method=face
2026-09-29 12:35:50 clothes_score=0.877(vs G1) face_distance=0.227(vs G1) matched=G1 method=face
2026-09-29 12:35:58 clothes_score=0.684(vs G1) face_distance=NA(vs GNone) matched=G1 method=clothes
2026-09-29 12:36:01 clothes_score=0.867(vs G1) face_distance=0.148(vs G1) matched=G1 method=face
2026-09-29 12:36:19 clothes_score=0.991(vs G1) face_distance=NA(vs GNone) matched=G1 method=clothes
2026-09-29 12:36:22 clothes_score=0.952(vs G1) face_distance=0.117(vs G1) matched=G1 method=face
2026-09-29 12:36:44 clothes_score=0.787(vs G1) face_distance=0.564(vs G1) matched=G1 method=face
2026-09-29 12:36:56 clothes_score=0.719(vs G1) face_distance=NA(vs GNone) matched=G1 method=clothes
2026-09-29 12:36:59 clothes_score=0.926(vs G1) face_distance=0.392(vs G1) matched=G1 method=face
2026-09-29 12:37:08 clothes_score=0.706(vs G1) face_distance=NA(vs GNone) matched=G1 method=clothes
2026-09-29 12:37:11 clothes_score=0.974(vs G1) face_distance=0.189(vs G1) matched=G1 method=face
2026-09-29 12:37:22 clothes_score=0.998(vs G1) face_distance=0.459(vs G1) matched=G1 method=face
2026-09-29 12:37:24 clothes_score=0.963(vs G1) face_distance=0.222(vs G1) matched=G1 method=face
2026-09-29 12:37:34 clothes_score=0.967(vs G1) face_distance=0.567(vs G1) matched=G1 method=face
2026-09-29 12:37:37 clothes_score=0.959(vs G1) face_distance=0.201(vs G1) matched=G1 method=face
2026-09-29 12:37:45 clothes_score=0.963(vs G1) face_distance=NA(vs GNone) matched=G1 method=clothes
2026-09-29 13:08:08 clothes_score=0.654(vs G1) face_distance=0.533(vs G1) matched=G1 method=face
2026-09-29 13:08:24 clothes_score=0.373(vs G1) face_distance=NA(vs GNone) matched=G2 method=none
2026-09-29 13:08:27 clothes_score=0.939(vs G1) face_distance=0.368(vs G1) matched=G1 method=face
2026-09-29 13:08:36 clothes_score=0.999(vs G2) face_distance=NA(vs GNone) matched=G2 method=clothes
2026-09-29 13:08:39 clothes_score=0.996(vs G1) face_distance=0.109(vs G1) matched=G1 method=face
2026-09-29 13:10:01 clothes_score=0.648(vs G1) face_distance=0.509(vs G1) matched=G1 method=face
2026-09-29 13:10:16 clothes_score=0.740(vs G1) face_distance=NA(vs GNone) matched=G1 method=clothes
2026-09-29 13:12:22 clothes_score=0.569(vs G1) face_distance=0.542(vs G1) matched=G1 method=face
2026-09-29 13:13:55 clothes_score=1.000(vs G1) face_distance=0.060(vs G1) matched=G1 method=face
2026-09-29 13:14:07 clothes_score=0.770(vs G1) face_distance=NA(vs GNone) matched=G1 method=clothes
2026-09-29 13:14:11 clothes_score=0.856(vs G1) face_distance=0.441(vs G1) matched=G1 method=face
2026-09-29 13:14:27 clothes_score=0.868(vs G1) face_distance=NA(vs GNone) matched=G1 method=clothes
2026-09-29 13:14:31 clothes_score=0.885(vs G1) face_distance=0.153(vs G1) matched=G1 method=face
2026-09-29 13:17:21 clothes_score=0.527(vs G1) face_distance=0.441(vs G1) matched=G1 method=face
2026-09-29 13:18:23 clothes_score=0.760(vs G1) face_distance=0.551(vs G1) matched=G1 method=face
2026-09-29 13:21:24 clothes_score=0.652(vs G1) face_distance=NA(vs GNone) matched=G1 method=clothes
2026-09-29 13:51:34 clothes_score=0.582(vs G1) face_distance=NA(vs GNone) matched=G1 method=clothes
2026-09-29 13:52:14 clothes_score=0.355(vs G1) face_distance=NA(vs GNone) matched=G2 method=none
2026-09-29 13:54:37 clothes_score=0.711(vs G1) face_distance=0.490(vs G1) matched=G1 method=face
2026-09-29 13:54:41 clothes_score=0.923(vs G1) face_distance=0.374(vs G1) matched=G1 method=face
2026-09-29 13:54:49 clothes_score=0.791(vs G1) face_distance=NA(vs GNone) matched=G1 method=clothes
2026-09-29 13:55:05 clothes_score=0.898(vs G1) face_distance=0.187(vs G1) matched=G1 method=face
2026-09-29 13:55:07 clothes_score=0.929(vs G1) face_distance=0.359(vs G1) matched=G1 method=face
2026-09-29 13:55:43 clothes_score=0.938(vs G1) face_distance=0.180(vs G1) matched=G1 method=face
2026-09-29 13:58:28 clothes_score=0.398(vs G1) face_distance=NA(vs GNone) matched=G2 method=none
2026-09-29 13:58:51 clothes_score=0.998(vs G2) face_distance=NA(vs GNone) matched=G2 method=clothes
2026-09-29 13:59:08 clothes_score=0.847(vs G1) face_distance=NA(vs GNone) matched=G1 method=clothes
2026-09-29 14:13:10 clothes_score=0.630(vs G1) face_distance=0.451(vs G1) matched=G1 method=face
2026-09-29 14:13:54 clothes_score=0.776(vs G1) face_distance=0.546(vs G1) matched=G1 method=face
2026-09-29 14:34:53 clothes_score=0.700(vs G1) face_distance=0.495(vs G1) matched=G1 method=face
2026-09-29 14:34:57 clothes_score=0.792(vs G1) face_distance=0.325(vs G1) matched=G1 method=face
2026-09-29 14:35:11 clothes_score=0.978(vs G1) face_distance=NA(vs GNone) matched=G1 method=clothes
2026-09-29 14:35:14 clothes_score=0.966(vs G1) face_distance=0.244(vs G1) matched=G1 method=face
2026-09-29 14:35:31 clothes_score=0.981(vs G1) face_distance=NA(vs GNone) matched=G1 method=clothes
2026-09-29 14:35:34 clothes_score=0.987(vs G1) face_distance=0.083(vs G1) matched=G1 method=face
2026-09-29 14:41:54 clothes_score=0.448(vs G1) face_distance=NA(vs GNone) matched=G1 method=clothes
2026-09-29 14:41:58 clothes_score=0.872(vs G1) face_distance=0.805(vs G1) matched=G1 method=clothes
2026-09-29 14:42:02 clothes_score=0.753(vs G1) face_distance=0.488(vs G1) matched=G1 method=face
2026-09-29 14:42:05 clothes_score=0.987(vs G1) face_distance=0.314(vs G1) matched=G1 method=face
2026-09-29 14:46:27 clothes_score=0.734(vs G1) face_distance=0.448(vs G1) matched=G1 method=face
2026-09-29 14:46:33 clothes_score=1.000(vs G1) face_distance=0.000(vs G1) matched=G1 method=face
2026-09-29 14:46:42 clothes_score=0.832(vs G1) face_distance=NA(vs GNone) matched=G1 method=clothes
2026-09-29 14:46:51 clothes_score=0.905(vs G1) face_distance=0.219(vs G1) matched=G1 method=face
2026-09-29 14:47:12 clothes_score=0.993(vs G1) face_distance=0.317(vs G1) matched=G1 method=face
2026-09-29 14:47:18 clothes_score=0.746(vs G1) face_distance=NA(vs GNone) matched=G1 method=clothes
2026-09-29 14:47:22 clothes_score=0.614(vs G1) face_distance=0.193(vs G1) matched=G1 method=face
2026-09-29 14:49:35 clothes_score=0.560(vs G1) face_distance=0.395(vs G1) matched=G1 method=face
2026-09-29 14:56:17 clothes_score=0.719(vs G1) face_distance=0.455(vs G1) matched=G1 method=face
2026-09-29 15:06:16 clothes_score=0.715(vs G2) face_distance=NA(vs GNone) matched=G2 method=clothes
2026-09-29 15:06:38 clothes_score=0.968(vs G2) face_distance=NA(vs GNone) matched=G2 method=clothes
2026-09-29 15:06:41 clothes_score=0.910(vs G2) face_distance=0.320(vs G2) matched=G2 method=face
2026-09-29 15:06:53 clothes_score=0.687(vs G2) face_distance=0.263(vs G2) matched=G2 method=face
2026-09-29 15:06:55 clothes_score=0.748(vs G2) face_distance=0.475(vs G2) matched=G2 method=face
2026-09-29 15:06:58 clothes_score=0.657(vs G2) face_distance=0.356(vs G2) matched=G2 method=face
2026-09-29 15:07:09 clothes_score=0.703(vs G2) face_distance=NA(vs GNone) matched=G2 method=clothes
2026-09-29 15:07:12 clothes_score=0.975(vs G2) face_distance=0.339(vs G2) matched=G2 method=face
2026-09-29 15:07:15 clothes_score=0.667(vs G2) face_distance=0.276(vs G2) matched=G2 method=face
2026-09-29 15:07:43 clothes_score=0.673(vs G2) face_distance=NA(vs GNone) matched=G2 method=clothes
2026-09-29 15:09:00 clothes_score=0.882(vs G2) face_distance=NA(vs GNone) matched=G2 method=clothes
2026-09-29 15:09:05 clothes_score=0.959(vs G2) face_distance=0.108(vs G2) matched=G2 method=face
2026-09-29 15:09:28 clothes_score=0.885(vs G2) face_distance=0.092(vs G2) matched=G2 method=face
2026-09-29 15:09:33 clothes_score=0.850(vs G2) face_distance=0.175(vs G2) matched=G2 method=face
2026-09-29 15:09:54 clothes_score=0.936(vs G2) face_distance=NA(vs GNone) matched=G2 method=clothes
2026-09-29 15:09:58 clothes_score=0.855(vs G2) face_distance=0.111(vs G2) matched=G2 method=face
2026-09-29 15:10:24 clothes_score=0.655(vs G2) face_distance=0.183(vs G2) matched=G2 method=face
2026-09-29 15:12:11 clothes_score=0.976(vs G2) face_distance=0.316(vs G2) matched=G2 method=face
2026-09-29 15:12:16 clothes_score=0.975(vs G2) face_distance=0.130(vs G2) matched=G2 method=face
2026-09-29 15:12:54 clothes_score=0.682(vs G2) face_distance=NA(vs GNone) matched=G2 method=clothes
2026-09-29 15:12:54 clothes_score=0.946(vs G2) face_distance=NA(vs GNone) matched=G2 method=clothes
2026-09-29 15:13:19 clothes_score=0.923(vs G2) face_distance=NA(vs GNone) matched=G2 method=clothes
2026-09-29 15:13:20 clothes_score=0.920(vs G2) face_distance=NA(vs GNone) matched=G2 method=clothes
2026-09-29 15:13:51 clothes_score=0.892(vs G2) face_distance=NA(vs GNone) matched=G2 method=clothes
2026-09-29 15:13:56 clothes_score=0.735(vs G2) face_distance=NA(vs GNone) matched=G2 method=clothes
2026-09-29 15:14:09 clothes_score=0.603(vs G2) face_distance=0.531(vs G2) matched=G2 method=face
2026-09-29 15:33:27 clothes_score=0.712(vs G1) face_distance=0.453(vs G1) matched=G1 method=face
2026-09-29 16:14:30 clothes_score=0.722(vs G1) face_distance=0.450(vs G1) matched=G1 method=face
2026-09-29 16:15:13 clothes_score=0.919(vs G1) face_distance=0.137(vs G1) matched=G1 method=face
2026-09-29 16:20:22 clothes_score=0.902(vs G1) face_distance=NA(vs GNone) matched=G1 method=clothes
2026-09-29 16:20:41 clothes_score=0.776(vs G1) face_distance=NA(vs GNone) matched=G1 method=clothes
2026-09-29 16:20:47 clothes_score=0.583(vs G1) face_distance=0.829(vs G1) matched=G1 method=clothes
2026-09-29 16:21:02 clothes_score=0.548(vs G1) face_distance=NA(vs GNone) matched=G1 method=clothes
2026-09-29 16:21:05 clothes_score=0.796(vs G1) face_distance=NA(vs GNone) matched=G1 method=clothes
2026-09-29 16:21:21 clothes_score=0.600(vs G1) face_distance=NA(vs GNone) matched=G1 method=clothes
2026-09-29 16:21:24 clothes_score=0.655(vs G1) face_distance=NA(vs GNone) matched=G1 method=clothes
2026-09-29 16:21:32 clothes_score=0.711(vs G1) face_distance=NA(vs GNone) matched=G1 method=clothes
2026-09-29 16:21:38 clothes_score=0.640(vs G1) face_distance=NA(vs GNone) matched=G1 method=clothes
2026-09-29 16:21:50 clothes_score=0.775(vs G1) face_distance=NA(vs GNone) matched=G1 method=clothes
2026-09-29 16:22:16 clothes_score=0.856(vs G1) face_distance=NA(vs GNone) matched=G1 method=clothes
2026-09-29 16:22:34 clothes_score=0.677(vs G1) face_distance=0.593(vs G1) matched=G1 method=face
2026-09-29 16:23:03 clothes_score=0.827(vs G1) face_distance=0.330(vs G1) matched=G1 method=face
2026-09-29 16:24:45 clothes_score=0.578(vs G1) face_distance=0.450(vs G1) matched=G1 method=face
2026-09-29 16:25:11 clothes_score=0.895(vs G1) face_distance=0.000(vs G1) matched=G1 method=face
2026-09-29 16:56:54 clothes_score=0.675(vs G1) face_distance=NA(vs GNone) matched=G1 method=clothes
2026-09-29 16:58:55 clothes_score=0.820(vs G1) face_distance=NA(vs GNone) matched=G1 method=clothes
2026-09-29 17:00:01 clothes_score=0.935(vs G1) face_distance=0.388(vs G1) matched=G1 method=face
2026-09-29 17:05:24 clothes_score=0.652(vs G1) face_distance=0.563(vs G1) matched=G1 method=face
2026-09-29 17:07:59 clothes_score=0.340(vs G1) face_distance=0.648(vs G1) matched=G2 method=none
2026-09-29 17:08:06 clothes_score=0.729(vs G2) face_distance=NA(vs GNone) matched=G2 method=clothes
2026-09-29 17:08:08 clothes_score=0.871(vs G2) face_distance=NA(vs GNone) matched=G2 method=clothes
2026-09-29 17:08:26 clothes_score=0.856(vs G1) face_distance=NA(vs GNone) matched=G1 method=clothes
2026-09-29 17:08:42 clothes_score=0.869(vs G1) face_distance=NA(vs GNone) matched=G1 method=clothes
2026-09-29 17:08:45 clothes_score=0.796(vs G1) face_distance=0.481(vs G1) matched=G1 method=face
2026-09-29 17:10:49 clothes_score=0.404(vs G1) face_distance=NA(vs GNone) matched=G1 method=clothes
2026-09-29 17:10:54 clothes_score=0.759(vs G1) face_distance=NA(vs GNone) matched=G1 method=clothes
2026-09-29 17:11:16 clothes_score=0.999(vs G1) face_distance=NA(vs GNone) matched=G1 method=clothes
2026-09-29 17:11:47 clothes_score=0.994(vs G1) face_distance=NA(vs GNone) matched=G1 method=clothes
2026-09-29 17:15:25 clothes_score=0.718(vs G1) face_distance=NA(vs GNone) matched=G1 method=clothes
2026-09-29 22:05:57 clothes_score=0.726(vs G1) face_distance=0.365(vs G1) matched=G1 method=face
2026-09-30 12:55:51 clothes_score=0.637(vs G1) face_distance=0.572(vs G1) matched=G1 method=face
2026-09-30 12:56:28 clothes_score=0.706(vs G1) face_distance=0.378(vs G1) matched=G1 method=face
2026-09-30 12:56:36 clothes_score=0.893(vs G1) face_distance=NA(vs GNone) matched=G1 method=clothes
2026-09-30 12:56:39 clothes_score=0.883(vs G1) face_distance=0.451(vs G1) matched=G1 method=face
2026-09-30 12:56:52 clothes_score=0.991(vs G1) face_distance=NA(vs GNone) matched=G1 method=clothes
2026-09-30 12:57:00 clothes_score=0.862(vs G1) face_distance=0.365(vs G1) matched=G1 method=face
2026-09-30 12:57:04 clothes_score=0.961(vs G1) face_distance=0.317(vs G1) matched=G1 method=face
2026-09-30 13:06:49 clothes_score=0.672(vs G1) face_distance=0.467(vs G1) matched=G1 method=face
2026-09-30 13:07:49 clothes_score=0.829(vs G1) face_distance=0.200(vs G1) matched=G1 method=face
2026-09-30 13:08:05 clothes_score=0.997(vs G1) face_distance=0.100(vs G1) matched=G1 method=face
2026-09-30 13:13:43 clothes_score=0.446(vs G1) face_distance=0.458(vs G1) matched=G1 method=face
2026-09-30 13:14:06 clothes_score=0.875(vs G1) face_distance=0.198(vs G1) matched=G1 method=face
2026-09-30 13:15:29 clothes_score=0.890(vs G1) face_distance=NA(vs GNone) matched=G1 method=clothes
2026-09-30 13:15:58 clothes_score=0.697(vs G2) face_distance=NA(vs GNone) matched=G2 method=clothes
2026-09-30 13:16:01 clothes_score=0.700(vs G1) face_distance=NA(vs GNone) matched=G1 method=clothes
2026-09-30 13:16:18 clothes_score=0.794(vs G1) face_distance=NA(vs GNone) matched=G1 method=clothes
2026-09-30 13:16:30 clothes_score=0.574(vs G2) face_distance=NA(vs GNone) matched=G2 method=clothes
2026-09-30 13:16:34 clothes_score=0.868(vs G2) face_distance=NA(vs GNone) matched=G2 method=clothes
2026-09-30 13:16:52 clothes_score=0.943(vs G2) face_distance=NA(vs GNone) matched=G2 method=clothes
2026-09-30 15:00:35 clothes_score=0.886(vs G1) face_distance=NA(vs GNone) matched=G1 method=clothes
2026-09-30 15:01:04 clothes_score=0.997(vs G1) face_distance=NA(vs GNone) matched=G1 method=clothes
2026-09-30 15:11:08 clothes_score=0.362(vs G1) face_distance=NA(vs GNone) matched=G4 method=none
2026-09-30 15:19:09 clothes_score=0.571(vs G1) face_distance=NA(vs GNone) matched=G1 method=clothes
2026-09-30 15:19:31 clothes_score=0.655(vs G1) face_distance=0.502(vs G1) matched=G1 method=face
2026-09-30 15:23:52 clothes_score=0.911(vs G1) face_distance=NA(vs GNone) matched=G1 method=clothes
2026-09-30 15:24:08 clothes_score=0.850(vs G1) face_distance=NA(vs GNone) matched=G1 method=clothes
2026-09-30 15:24:26 clothes_score=0.919(vs G1) face_distance=NA(vs GNone) matched=G1 method=clothes
2026-09-30 15:24:28 clothes_score=0.880(vs G1) face_distance=NA(vs GNone) matched=G1 method=clothes
2026-09-30 15:24:30 clothes_score=0.813(vs G1) face_distance=NA(vs GNone) matched=G1 method=clothes
2026-09-30 15:24:54 clothes_score=0.970(vs G1) face_distance=NA(vs GNone) matched=G1 method=clothes
2026-09-30 15:24:57 clothes_score=0.909(vs G1) face_distance=NA(vs GNone) matched=G1 method=clothes
2026-09-30 15:25:06 clothes_score=0.909(vs G1) face_distance=NA(vs GNone) matched=G1 method=clothes
2026-09-30 15:25:13 clothes_score=0.892(vs G1) face_distance=NA(vs GNone) matched=G1 method=clothes
2026-09-30 15:25:30 clothes_score=0.544(vs G1) face_distance=NA(vs GNone) matched=G1 method=clothes
2026-09-30 15:25:44 clothes_score=0.741(vs G1) face_distance=NA(vs GNone) matched=G1 method=clothes
2026-09-30 15:25:47 clothes_score=0.876(vs G1) face_distance=0.445(vs G1) matched=G1 method=face
2026-09-30 15:25:58 clothes_score=0.824(vs G1) face_distance=NA(vs GNone) matched=G1 method=clothes
2026-09-30 15:26:01 clothes_score=0.855(vs G1) face_distance=0.194(vs G1) matched=G1 method=face
2026-09-30 15:26:07 clothes_score=0.781(vs G1) face_distance=0.280(vs G1) matched=G1 method=face
2026-09-30 15:26:08 clothes_score=0.741(vs G1) face_distance=NA(vs GNone) matched=G1 method=clothes
2026-09-30 21:45:09 clothes_score=0.584(vs G1) face_distance=NA(vs GNone) matched=G1 method=clothes
2026-09-30 21:45:59 clothes_score=0.730(vs G1) face_distance=0.576(vs G1) matched=G1 method=face
2026-09-30 21:46:11 clothes_score=0.994(vs G1) face_distance=0.000(vs G1) matched=G1 method=face
2026-09-30 21:46:23 clothes_score=1.000(vs G1) face_distance=0.000(vs G1) matched=G1 method=face
2026-09-30 21:46:35 clothes_score=0.997(vs G1) face_distance=0.063(vs G1) matched=G1 method=face
2026-09-30 21:46:47 clothes_score=0.995(vs G1) face_distance=0.091(vs G1) matched=G1 method=face
2026-09-30 21:56:03 clothes_score=0.868(vs G1) face_distance=0.445(vs G1) matched=G1 method=face
2026-09-30 21:56:16 clothes_score=0.890(vs G1) face_distance=0.181(vs G1) matched=G1 method=face
2026-09-30 21:56:28 clothes_score=0.949(vs G1) face_distance=0.134(vs G1) matched=G1 method=face
2026-09-30 22:01:21 clothes_score=0.716(vs G1) face_distance=0.436(vs G1) matched=G1 method=face
2026-09-30 22:02:02 clothes_score=0.928(vs G1) face_distance=0.122(vs G1) matched=G1 method=face
2026-09-30 22:03:55 clothes_score=0.908(vs G1) face_distance=0.454(vs G1) matched=G1 method=face
2026-09-30 22:04:55 clothes_score=0.994(vs G1) face_distance=0.104(vs G1) matched=G1 method=face
2026-09-30 22:05:45 clothes_score=0.667(vs G1) face_distance=NA(vs GNone) matched=G1 method=clothes
2026-09-30 22:05:49 clothes_score=0.857(vs G1) face_distance=NA(vs GNone) matched=G1 method=clothes
2026-09-30 22:05:58 clothes_score=0.800(vs G1) face_distance=NA(vs GNone) matched=G1 method=clothes
2026-09-30 22:06:25 clothes_score=0.873(vs G1) face_distance=NA(vs GNone) matched=G1 method=clothes
2026-09-30 22:06:36 clothes_score=0.869(vs G1) face_distance=NA(vs GNone) matched=G1 method=clothes
2026-09-30 22:06:39 clothes_score=0.321(vs G1) face_distance=NA(vs GNone) matched=G2 method=none
2026-09-30 22:06:52 clothes_score=0.686(vs G1) face_distance=NA(vs GNone) matched=G1 method=clothes
2026-09-30 22:07:07 clothes_score=0.804(vs G1) face_distance=NA(vs GNone) matched=G1 method=clothes
2026-09-30 22:07:27 clothes_score=0.992(vs G1) face_distance=NA(vs GNone) matched=G1 method=clothes
2026-09-30 22:07:43 clothes_score=0.849(vs G1) face_distance=NA(vs GNone) matched=G1 method=clothes
2026-09-30 22:08:08 clothes_score=0.681(vs G2) face_distance=0.075(vs G1) matched=G1 method=face
2026-09-30 22:08:12 clothes_score=0.978(vs G2) face_distance=0.356(vs G1) matched=G1 method=face
2026-09-30 22:08:20 clothes_score=0.914(vs G1) face_distance=0.053(vs G1) matched=G1 method=face
2026-09-30 22:08:26 clothes_score=0.987(vs G1) face_distance=0.154(vs G1) matched=G1 method=face
2026-09-30 22:08:30 clothes_score=0.848(vs G2) face_distance=0.039(vs G1) matched=G1 method=face
2026-09-30 22:08:39 clothes_score=0.860(vs G1) face_distance=0.194(vs G1) matched=G1 method=face
2026-09-30 22:08:44 clothes_score=0.991(vs G1) face_distance=NA(vs GNone) matched=G1 method=clothes
2026-09-30 22:08:48 clothes_score=0.967(vs G2) face_distance=0.428(vs G1) matched=G1 method=face
2026-09-30 22:08:57 clothes_score=0.983(vs G1) face_distance=0.080(vs G1) matched=G1 method=face
2026-09-30 22:09:01 clothes_score=0.998(vs G1) face_distance=NA(vs GNone) matched=G1 method=clothes
2026-09-30 22:09:05 clothes_score=1.000(vs G1) face_distance=0.000(vs G1) matched=G1 method=face
2026-10-01 13:56:12 clothes_score=0.731(vs G1) face_distance=0.434(vs G1) matched=G1 method=face
2026-10-01 13:56:28 clothes_score=0.823(vs G1) face_distance=0.208(vs G1) matched=G1 method=face
2026-10-01 13:57:07 clothes_score=0.940(vs G1) face_distance=0.171(vs G1) matched=G1 method=face
2026-10-01 13:57:24 clothes_score=0.976(vs G1) face_distance=0.132(vs G1) matched=G1 method=face
2026-10-01 13:57:38 clothes_score=0.615(vs G1) face_distance=NA(vs GNone) matched=G1 method=clothes
2026-10-01 13:57:54 clothes_score=0.793(vs G1) face_distance=NA(vs GNone) matched=G1 method=clothes
2026-10-01 13:58:14 clothes_score=0.988(vs G1) face_distance=NA(vs GNone) matched=G1 method=clothes
2026-10-01 13:58:22 clothes_score=0.600(vs G1) face_distance=0.438(vs G1) matched=G1 method=face
2026-10-01 15:35:42 clothes_score=0.909(vs G1) face_distance=0.456(vs G1) matched=G1 method=face
2026-10-01 15:35:59 clothes_score=0.991(vs G1) face_distance=0.141(vs G1) matched=G1 method=face
2026-10-01 15:36:16 clothes_score=0.954(vs G1) face_distance=0.130(vs G1) matched=G1 method=face
2026-10-02 13:28:46 clothes_score=0.689(vs G1) face_distance=NA(vs GNone) matched=G1 method=clothes
2026-10-02 14:02:25 clothes_score=0.977(vs G1) face_distance=0.345(vs G1) matched=G1 method=face
2026-10-02 14:02:45 clothes_score=0.875(vs G1) face_distance=0.070(vs G1) matched=G1 method=face
2026-10-02 14:03:06 clothes_score=0.977(vs G1) face_distance=0.056(vs G1) matched=G1 method=face
2026-10-02 14:06:05 clothes_score=0.984(vs G1) face_distance=0.345(vs G1) matched=G1 method=face
2026-10-02 14:06:30 clothes_score=0.649(vs G1) face_distance=0.531(vs G1) matched=G1 method=face
2026-10-02 14:07:35 clothes_score=0.868(vs G1) face_distance=NA(vs GNone) matched=G1 method=clothes
2026-10-02 14:08:43 clothes_score=0.635(vs G1) face_distance=NA(vs GNone) matched=G1 method=clothes
2026-10-02 14:08:56 clothes_score=0.847(vs G1) face_distance=NA(vs GNone) matched=G1 method=clothes
2026-10-02 14:09:05 clothes_score=0.812(vs G1) face_distance=NA(vs GNone) matched=G1 method=clothes
2026-10-02 14:09:08 clothes_score=0.981(vs G1) face_distance=NA(vs GNone) matched=G1 method=clothes
2026-10-02 14:09:29 clothes_score=0.999(vs G1) face_distance=NA(vs GNone) matched=G1 method=clothes
2026-10-02 14:09:43 clothes_score=0.748(vs G1) face_distance=0.041(vs G1) matched=G1 method=face
2026-10-02 14:09:57 clothes_score=0.746(vs G1) face_distance=NA(vs GNone) matched=G1 method=clothes
2026-10-02 14:10:01 clothes_score=0.763(vs G1) face_distance=0.434(vs G1) matched=G1 method=face
2026-10-02 14:10:11 clothes_score=0.804(vs G1) face_distance=NA(vs GNone) matched=G1 method=clothes
2026-10-02 14:10:14 clothes_score=0.877(vs G1) face_distance=0.161(vs G1) matched=G1 method=face
2026-10-02 14:10:26 clothes_score=0.995(vs G1) face_distance=NA(vs GNone) matched=G1 method=clothes
2026-10-02 14:10:29 clothes_score=0.989(vs G1) face_distance=0.092(vs G1) matched=G1 method=face
2026-10-02 14:10:41 clothes_score=0.997(vs G1) face_distance=NA(vs GNone) matched=G1 method=clothes
2026-10-02 14:10:44 clothes_score=0.941(vs G1) face_distance=0.147(vs G1) matched=G1 method=face
2026-10-02 14:10:56 clothes_score=0.915(vs G1) face_distance=NA(vs GNone) matched=G1 method=clothes
2026-10-02 14:10:59 clothes_score=0.892(vs G1) face_distance=0.133(vs G1) matched=G1 method=face
2026-10-02 14:19:23 clothes_score=0.523(vs G1) face_distance=NA(vs GNone) matched=G1 method=clothes
2026-10-02 14:19:35 clothes_score=0.666(vs G1) face_distance=NA(vs GNone) matched=G1 method=clothes
2026-10-02 14:19:44 clothes_score=0.776(vs G1) face_distance=NA(vs GNone) matched=G1 method=clothes
2026-10-02 14:19:47 clothes_score=0.814(vs G1) face_distance=NA(vs GNone) matched=G1 method=clothes
2026-10-02 14:19:58 clothes_score=0.845(vs G1) face_distance=NA(vs GNone) matched=G1 method=clothes
2026-10-02 14:20:36 clothes_score=0.901(vs G1) face_distance=0.536(vs G1) matched=G1 method=face
2026-10-02 14:23:25 clothes_score=0.948(vs G1) face_distance=0.119(vs G1) matched=G1 method=face
2026-10-02 14:23:46 clothes_score=1.000(vs G1) face_distance=0.081(vs G1) matched=G1 method=face
2026-10-02 14:26:05 clothes_score=0.639(vs G1) face_distance=0.495(vs G1) matched=G1 method=face
2026-10-02 14:26:34 clothes_score=0.453(vs G1) face_distance=NA(vs GNone) matched=G1 method=clothes
2026-10-02 14:26:53 clothes_score=0.777(vs G1) face_distance=NA(vs GNone) matched=G1 method=clothes
2026-10-02 14:28:28 clothes_score=0.713(vs G1) face_distance=NA(vs GNone) matched=G1 method=clothes
2026-10-02 14:28:35 clothes_score=1.000(vs G1) face_distance=NA(vs GNone) matched=G1 method=clothes
2026-10-02 14:28:51 clothes_score=0.800(vs G1) face_distance=NA(vs GNone) matched=G1 method=clothes
2026-10-02 14:29:00 clothes_score=0.996(vs G1) face_distance=NA(vs GNone) matched=G1 method=clothes
2026-10-02 14:36:20 clothes_score=0.649(vs G1) face_distance=0.508(vs G1) matched=G1 method=face
2026-10-02 14:36:40 clothes_score=0.966(vs G1) face_distance=0.381(vs G1) matched=G1 method=face
2026-10-02 14:36:54 clothes_score=0.809(vs G1) face_distance=NA(vs GNone) matched=G1 method=clothes
2026-10-02 14:37:31 clothes_score=0.637(vs G1) face_distance=NA(vs GNone) matched=G1 method=clothes
2026-10-02 14:38:03 clothes_score=0.990(vs G2) face_distance=0.114(vs G2) matched=G2 method=face
2026-10-02 14:38:07 clothes_score=0.987(vs G2) face_distance=0.174(vs G2) matched=G2 method=face
2026-10-02 14:38:19 clothes_score=0.728(vs G2) face_distance=NA(vs GNone) matched=G2 method=clothes
2026-10-02 14:38:21 clothes_score=0.833(vs G2) face_distance=NA(vs GNone) matched=G2 method=clothes
2026-10-02 14:38:26 clothes_score=0.824(vs G2) face_distance=0.321(vs G2) matched=G2 method=face
2026-10-02 14:38:29 clothes_score=0.814(vs G1) face_distance=0.671(vs G1) matched=G1 method=clothes
2026-10-02 14:38:43 clothes_score=0.797(vs G2) face_distance=0.184(vs G2) matched=G2 method=face
2026-10-02 14:38:50 clothes_score=0.870(vs G2) face_distance=0.349(vs G1) matched=G1 method=face
2026-10-02 14:38:54 clothes_score=0.916(vs G2) face_distance=0.190(vs G2) matched=G2 method=face
2026-10-02 14:38:59 clothes_score=0.913(vs G1) face_distance=0.300(vs G1) matched=G1 method=face
2026-10-02 14:39:08 clothes_score=0.922(vs G2) face_distance=0.145(vs G2) matched=G2 method=face
2026-10-02 14:39:15 clothes_score=0.918(vs G2) face_distance=0.371(vs G2) matched=G2 method=face
2026-10-02 14:39:19 clothes_score=0.937(vs G1) face_distance=0.248(vs G1) matched=G1 method=face
2026-10-02 14:39:25 clothes_score=0.755(vs G3) face_distance=0.307(vs G3) matched=G3 method=face
2026-10-02 14:39:29 clothes_score=0.953(vs G1) face_distance=0.190(vs G1) matched=G1 method=face
2026-10-02 14:39:41 clothes_score=0.942(vs G2) face_distance=0.192(vs G1) matched=G1 method=face
2026-10-02 14:39:44 clothes_score=0.907(vs G2) face_distance=0.248(vs G2) matched=G2 method=face
2026-10-02 14:39:51 clothes_score=0.914(vs G1) face_distance=0.250(vs G1) matched=G1 method=face
2026-10-02 14:39:59 clothes_score=0.935(vs G1) face_distance=0.125(vs G1) matched=G1 method=face
2026-10-02 14:40:03 clothes_score=0.969(vs G1) face_distance=0.257(vs G1) matched=G1 method=face
2026-10-02 14:40:07 clothes_score=0.991(vs G1) face_distance=0.111(vs G1) matched=G1 method=face
2026-10-02 14:40:13 clothes_score=0.974(vs G1) face_distance=0.310(vs G1) matched=G1 method=face
2026-10-02 14:41:59 clothes_score=0.827(vs G2) face_distance=NA(vs GNone) matched=G2 method=clothes
2026-10-02 14:42:16 clothes_score=0.854(vs G2) face_distance=0.323(vs G2) matched=G2 method=face
2026-10-02 14:42:19 clothes_score=0.634(vs G2) face_distance=NA(vs GNone) matched=G2 method=clothes
2026-10-02 14:42:26 clothes_score=0.885(vs G1) face_distance=0.335(vs G2) matched=G2 method=face
2026-10-02 14:42:28 clothes_score=0.930(vs G2) face_distance=0.212(vs G2) matched=G2 method=face
2026-10-02 14:42:35 clothes_score=0.912(vs G2) face_distance=0.203(vs G2) matched=G2 method=face
2026-10-02 14:42:37 clothes_score=0.969(vs G2) face_distance=0.179(vs G2) matched=G2 method=face
2026-10-02 14:42:46 clothes_score=0.944(vs G1) face_distance=NA(vs GNone) matched=G1 method=clothes
2026-10-02 14:42:54 clothes_score=0.988(vs G1) face_distance=0.118(vs G1) matched=G1 method=face
2026-10-02 14:42:57 clothes_score=0.967(vs G2) face_distance=0.111(vs G1) matched=G1 method=face
2026-10-02 14:43:07 clothes_score=0.975(vs G2) face_distance=0.178(vs G2) matched=G2 method=face
2026-10-02 14:43:11 clothes_score=0.884(vs G2) face_distance=0.233(vs G2) matched=G2 method=face
2026-10-02 14:43:17 clothes_score=0.964(vs G2) face_distance=0.226(vs G1) matched=G1 method=face
2026-10-02 14:43:18 clothes_score=0.933(vs G2) face_distance=NA(vs GNone) matched=G2 method=clothes
2026-10-02 14:43:19 clothes_score=0.821(vs G2) face_distance=NA(vs GNone) matched=G2 method=clothes
2026-10-02 14:43:29 clothes_score=0.960(vs G2) face_distance=0.190(vs G1) matched=G1 method=face
2026-10-02 14:43:31 clothes_score=0.935(vs G2) face_distance=0.187(vs G2) matched=G2 method=face
2026-10-02 14:43:42 clothes_score=0.924(vs G2) face_distance=0.137(vs G2) matched=G2 method=face
2026-10-02 15:02:46 clothes_score=0.567(vs G1) face_distance=NA(vs GNone) matched=G1 method=clothes
2026-10-02 15:09:29 clothes_score=0.731(vs G1) face_distance=0.360(vs G1) matched=G1 method=face
2026-10-02 15:09:53 clothes_score=0.576(vs G1) face_distance=0.051(vs G1) matched=G1 method=face
2026-10-02 15:24:36 clothes_score=0.560(vs G1) face_distance=0.101(vs G1) matched=G1 method=face
2026-10-02 15:27:00 clothes_score=0.792(vs G1) face_distance=0.273(vs G1) matched=G1 method=face
2026-10-05 14:05:11 clothes_score=0.693(vs G2) face_distance=0.392(vs G2) matched=G2 method=face
2026-10-05 14:05:27 clothes_score=0.877(vs G2) face_distance=0.322(vs G2) matched=G2 method=face
2026-10-05 14:08:44 clothes_score=0.987(vs G1) face_distance=0.276(vs G1) matched=G1 method=face
